,song_name,tempo,total_beats,average_beats,chroma_stft_mean,chroma_stft_std,chroma_stft_var,chroma_cq_mean,chroma_cq_std,chroma_cq_var,chroma_cens_mean,chroma_cens_std,chroma_cens_var,melspectrogram_mean,melspectrogram_std,melspectrogram_var,mfcc_mean,mfcc_std,mfcc_var,mfcc_delta_mean,mfcc_delta_std,mfcc_delta_var,cent_mean,cent_std,cent_var,spec_bw_mean,spec_bw_std,spec_bw_var,contrast_mean,contrast_std,contrast_var,rolloff_mean,rolloff_std,rolloff_var,poly_mean,poly_std,poly_var,tonnetz_mean,tonnetz_std,tonnetz_var,zcr_mean,zcr_std,zcr_var,harm_mean,harm_std,harm_var,perc_mean,perc_std,perc_var,frame_mean,frame_std,frame_var
1,1.wav,143.5546875,174712,1256.9208633093526,0.17024150490760803,0.2902472913265228,0.08424349129199982,0.33830139363667805,0.2989962892910238,0.0893987810098016,0.21449271247170976,0.1931999214023178,0.037326209629861766,2.4202640056610107,29.373291015625,862.7902221679688,-14.688121795654297,73.59780883789062,5416.63720703125,0.0010841217590495944,1.553417444229126,2.4131057262420654,1307.400384957399,406.3884733161308,165151.59124421552,1425.0388303722789,325.0683094757288,105669.4058254082,27.966370756874795,8.81592774734083,77.72058204633394,27.966370756874795,8.81592774734083,77.72058204633394,0.5169771966710223,0.6247484784758909,0.3903106613579407,-0.002511466371963821,0.11275230019096924,0.012713081198354442,0.0776070515068692,0.029307299922854572,0.0008589178287681516,-1.6098751132176403e-07,0.10266008973121643,0.010539093986153603,2.9748417063046872e-08,0.008066468872129917,6.506792124127969e-05,5.547247165532879,3.038700814606439,9.233702640689836
2,10.wav,129.19921875,164436,1284.65625,0.29776453971862793,0.2865167558193207,0.08209185302257538,0.4628712084231146,0.2620263093278577,0.06865778677997816,0.24742558490155175,0.1487074754995805,0.02211391326945833,4.392959117889404,22.242788314819336,494.7416687011719,-2.76070237159729,70.6550064086914,4992.1298828125,0.00624257605522871,2.1095643043518066,4.45026159286499,753.3326916260781,110.41352872111516,12191.147324648522,835.7041481034088,108.66542967639424,11808.175606755383,24.693181829068315,7.7120834535958105,59.47623119522628,24.693181829068315,7.7120834535958105,59.47623119522628,1.390139527020075,1.6486925619670338,2.718187163885422,0.015705515064719573,0.08677734967103952,0.007530308415929862,0.04660100316853715,0.012038853113323554,0.00014493398428418023,1.6250092812697403e-05,0.11933927983045578,0.01424186397343874,1.0366091373725794e-05,0.031595587730407715,0.0009982811752706766,6.748879818594105,3.905705947271255,15.254538946550051
3,100.wav,95.703125,121442,1291.936170212766,0.2871228754520416,0.2997797429561615,0.08986788988113403,0.4410340092924518,0.26582189563128444,0.07066128019700947,0.24398435579996883,0.15428858498997108,0.023804967458207534,2.303922176361084,16.96961784362793,287.9679260253906,-6.095390319824219,51.7603645324707,2679.135498046875,0.008348261006176472,2.0795493125915527,4.324525356292725,1761.6582929575577,504.48850173931527,254508.6483871791,1990.7383198599546,287.2373304438758,82505.2840005243,23.258967428876904,7.520924426199843,56.564304224609444,23.258967428876904,7.520924426199843,56.564304224609444,1.0270645752307046,1.2194361425426645,1.4870245057393336,-0.021115139478756862,0.08769454754790047,0.007690333669630976,0.08578878585768189,0.049398558675705945,0.002440217599237163,-7.8038628998911e-06,0.09187130630016327,0.008440337143838406,-5.1419887313386425e-05,0.020056869834661484,0.0004022780049126595,6.8440816326530625,2.769342227759695,7.669256374453032
4,11.wav,103.359375,132902,1290.3106796116506,0.24619759619235992,0.2977689504623413,0.08866634219884872,0.39611901502825636,0.2788764871605119,0.07777209509098716,0.2298925842313173,0.17459304982953935,0.03048273304878001,1.480329155921936,16.682706832885742,278.31268310546875,-9.58652114868164,57.48532485961914,3304.5625,0.004687156528234482,1.5219770669937134,2.3164143562316895,1780.5123929782849,416.26731962699154,173278.48138943993,2129.3480944885855,306.99245559443415,94244.36779190063,24.576265181514238,7.635702619411048,58.30395449208074,24.576265181514238,7.635702619411048,58.30395449208074,0.6462166856465065,0.773192829745417,0.5978271519697255,-0.007206918730165525,0.10294181563859635,0.010597017406970761,0.07411406431404799,0.035717240622102124,0.0012757212776571423,-2.9697869194933446e-06,0.07824239134788513,0.006121871992945671,-1.6349280485883355e-05,0.0076535409316420555,5.8576690207701176e-05,3.9996371882086166,2.7649972075475957,7.645209557746002
5,12.wav,63.02400914634146,77766,1254.2903225806451,0.22981202602386475,0.2924979031085968,0.08555501699447632,0.4294962285961929,0.2731037064184424,0.07458563445949078,0.24244692543603882,0.15669340024374082,0.024552821679945155,1.6023197174072266,15.247030258178711,232.47193908691406,-12.446454048156738,70.47232818603516,4966.34912109375,0.0019993095193058252,2.0882930755615234,4.360967636108398,1108.463900783394,278.78868912614695,77723.1331846754,1411.4729143111126,315.55247235320564,99573.36280822061,26.272489557755325,8.625903234448298,74.40620661006561,26.272489557755325,8.625903234448298,74.40620661006561,0.6194076375272995,0.7309982448661864,0.534358433997445,0.019122185594308914,0.1036938596910162,0.010752416537620154,0.06127136041505418,0.018411195112044244,0.0003389721054537618,5.268987379736245e-08,0.07889188826084137,0.006223929580301046,-1.3380680741192919e-07,0.010565760545432568,0.00011163529416080564,3.404045351473923,1.6537335816561536,2.73483475909729
6,13.wav,143.5546875,165958,1220.2794117647059,0.29245051741600037,0.28409305214881897,0.08070886880159378,0.483648935973073,0.25399082765436054,0.06451134053254708,0.2507666967460865,0.14300138858203318,0.02044939713638965,0.47480347752571106,2.9348552227020264,8.613375663757324,-10.322654724121094,95.46403503417969,9113.3818359375,0.0035840733908116817,1.45354163646698,2.112783432006836,626.9240286767666,132.7684113041681,17627.451040232754,685.2446801758234,113.04321121478378,12778.767601750218,24.957341996752735,6.295528582838374,39.63368013733495,24.957341996752735,6.295528582838374,39.63368013733495,0.407895618290558,0.5648038055392078,0.3190033387515713,0.015937264574880393,0.09068590718794506,0.008223933762500586,0.040406218254160214,0.01007933883286298,0.00010159307130765965,2.616303795832664e-08,0.03949889540672302,0.0015601628692820668,1.5497687400056748e-06,0.00953793153166771,9.0972134785261e-05,6.722176870748299,3.6422369664048655,13.265890119446116
7,14.wav,99.38401442307692,125218,1277.734693877551,0.2076464295387268,0.293388307094574,0.08607670664787292,0.43307941919070186,0.27225327003895566,0.0741218430469045,0.24191826537324115,0.15750836870507992,0.0248088862121354,1.6167011260986328,18.390899658203125,338.2252197265625,-7.912294387817383,49.3508186340332,2435.503173828125,0.008103687316179276,1.632803201675415,2.666046380996704,2192.867411133164,400.4050245981572,160324.18372345087,2313.3475614850263,351.86870257196307,123811.58384967662,24.298703559967485,8.59489938141049,73.87229537657045,24.298703559967485,8.59489938141049,73.87229537657045,0.7277996060619744,0.808112892676118,0.653046447309363,0.009864529468888559,0.0847966925903317,0.007190479074259213,0.0991411238631966,0.027998928571312035,0.0007839400011414333,-1.8250122479912534e-07,0.08049096167087555,0.006478794850409031,-1.3176150787330698e-05,0.011314340867102146,0.00012801430420950055,6.249650793650793,2.2478100454170193,5.052650000277662
8,15.wav,99.38401442307692,117074,1219.5208333333333,0.22711293399333954,0.28900089859962463,0.0835215225815773,0.4722073111673829,0.25466021153325874,0.06485182333816408,0.24961924318759168,0.14499505772193516,0.02102356676378731,0.9697104096412659,10.668951988220215,113.8265380859375,-8.051502227783203,54.20757293701172,2938.4609375,0.008185832761228085,1.5108120441436768,2.282553195953369,1847.1184652450484,319.8081266278672,102277.23785722595,2111.842564663539,233.33930556213437,54447.23152021912,24.211093074681212,8.938447027320416,79.89583526021318,24.211093074681212,8.938447027320416,79.89583526021318,0.6208140277556621,0.6996741162950397,0.48954386901324476,-0.008484610574826261,0.0822608328886301,0.006766844627531129,0.08750759632594814,0.028881625081441212,0.0008341482673449342,-2.908680585278489e-07,0.062440574169158936,0.0038988254964351654,-1.5857383914408274e-05,0.009114902466535568,8.308144606417045e-05,3.472544217687074,1.829335684509959,3.346469046621521
9,16.wav,129.19921875,75647,869.5057471264367,0.3037905991077423,0.2877524197101593,0.0828014612197876,0.46521945179593965,0.25767188926394197,0.06639480251684918,0.25380192208599706,0.13754242137895803,0.01891791767878685,1.6461706161499023,8.222505569458008,67.60960388183594,-7.453981399536133,74.43849182128906,5541.08935546875,0.002676508156582713,1.4739021062850952,2.1723873615264893,836.2975715252812,132.6924227837712,17607.27906422708,873.434922415228,140.32732618754167,19691.75847494472,24.901824668116387,8.782193736872733,77.12692683196667,24.901824668116387,8.782193736872733,77.12692683196667,0.9047757544845652,1.0616477164509592,1.1270958738455361,0.0014603442376897539,0.07861943813373157,0.0061810160524636455,0.04931613855194627,0.010649805556353835,0.00011341835838814502,-9.859577687620913e-08,0.07073896378278732,0.0050040013156831264,2.8658232622547075e-06,0.020884018391370773,0.0004361422616057098,4.441977324263038,2.3178016367346803,5.3722044272499625
10,17.wav,198.76802884615384,238862,1257.1684210526316,0.22238782048225403,0.29091277718544006,0.08463024348020554,0.4766848901539778,0.2573538445125988,0.06623100128541487,0.2500140992092739,0.14431314399564812,0.020826283529908667,0.7170575857162476,6.104269981384277,37.26211166381836,-8.273301124572754,98.96138000488281,9793.3544921875,0.010096941143274307,1.5263941287994385,2.32987904548645,711.3175836743853,295.49543956457455,87317.55480346114,1043.7023697476934,386.50292803925754,149384.5133829195,21.833735879242546,6.5325784065042285,42.674580637125324,21.833735879242546,6.5325784065042285,42.674580637125324,0.388928193853811,0.5348411216126883,0.2860550253679184,0.006788818930386597,0.07574141577584234,0.005736762063729019,0.0449275438999613,0.017268531790785125,0.0002982021902093565,-2.9523646389861824e-06,0.05241840332746506,0.002747689140960574,-1.7913853298523463e-06,0.007318770047277212,5.356439214665443e-05,7.300353741496598,3.9616631564383944,15.694774965081422
11,18.wav,198.76802884615384,251861,1272.0252525252524,0.26281115412712097,0.2934862971305847,0.08613420277833939,0.4856827589083288,0.2599080096757826,0.0675521734936267,0.25793200003076094,0.1296318506134386,0.01680441669346486,2.217027187347412,15.429911613464355,238.08216857910156,-5.293927192687988,80.26094055175781,6441.818359375,0.0022061869967728853,1.7382041215896606,3.0213534832000732,673.9054066138016,110.89225812958547,12297.092913078613,954.4142572796486,206.3774906030792,42591.668627624036,20.65708477487654,5.983801989726053,35.805886252249465,20.65708477487654,5.983801989726053,35.805886252249465,0.846194925663435,0.9402170663069359,0.8840081317748212,0.002700401284334374,0.07758510422914196,0.006019448398246822,0.04167718562548375,0.005903126564547062,3.484690323706119e-05,-5.38762242285884e-06,0.08181973546743393,0.006694468669593334,-1.9164805053151213e-05,0.024826835840940475,0.0006163718062452972,2.8548934240362813,2.062142131432125,4.252430170227426
12,19.wav,86.1328125,99264,1256.506329113924,0.2624557316303253,0.2973288893699646,0.08840447664260864,0.4694630842047903,0.26851604441463345,0.0721008661080814,0.2462499178899827,0.15064631184503027,0.022694311272510106,0.9856197834014893,13.516509056091309,182.69602966308594,-8.189345359802246,54.883262634277344,3012.17236328125,0.007743144407868385,1.4212496280670166,2.0199506282806396,2075.0292605694285,646.39562260898,417827.3009280509,2379.9202556600326,303.48504581918723,92103.17303587416,23.183870749610197,8.305780217022887,68.98598501348877,23.183870749610197,8.305780217022887,68.98598501348877,0.5496889517309878,0.639026812486737,0.40835526707695935,-0.010610447482269733,0.07574967547736314,0.00573801333492583,0.0896859656177438,0.06558458324023556,0.004301337558795387,8.301431080326438e-07,0.06301148235797882,0.0039704469963908195,1.5622128557879478e-05,0.007475096732378006,5.5877073464216664e-05,3.6652698412698412,1.3746580861662767,1.8896848538623305
13,2.wav,117.45383522727273,145349,1263.904347826087,0.21137192845344543,0.2919163703918457,0.08521515876054764,0.4335199359824801,0.27077208519242185,0.07331752211945215,0.2381852674011654,0.16309847248324758,0.026601111726368663,3.169569730758667,26.019868850708008,677.0335693359375,-7.296446800231934,79.9947280883789,6399.15673828125,0.0032844182569533587,1.2650961875915527,1.6004682779312134,665.7520623382532,103.92797912392281,10801.024844782534,899.4243979455651,176.63602047676986,31200.28372986986,22.523265325525525,6.2799928384384,39.438310050837586,22.523265325525525,6.2799928384384,39.438310050837586,0.842579706065832,0.8944808766875514,0.8000960387597306,0.0056103095672244765,0.0934210040921232,0.0087274840055805,0.044470630563080496,0.005759179781507246,3.316815175572185e-05,-3.769417617149884e-06,0.11179538071155548,0.012498206458985806,-2.5125351385213435e-05,0.011595371179282665,0.00013445262447930872,7.008943310657597,3.9391287761716676,15.5167355152637
14,20.wav,123.046875,144969,1239.051282051282,0.27620312571525574,0.29316017031669617,0.08594287931919098,0.4265341186792135,0.2718036942525469,0.07387724820933199,0.23958510374658068,0.16103512472772363,0.025932311396073503,0.6591763496398926,5.378178596496582,28.9248046875,-7.7130327224731445,67.91461181640625,4612.39404296875,0.005790908355265856,1.4263604879379272,2.0345041751861572,1275.9832714518238,258.24962145122714,66692.86697970211,1672.2063577388133,196.5092911923716,38615.9015249283,23.796602209085126,6.598782948266222,43.54393639832905,23.796602209085126,6.598782948266222,43.54393639832905,0.49268591532333456,0.573051213700848,0.3283876935240149,-0.018188532697922404,0.091966599301866,0.008457855387149979,0.0581551661063274,0.02273062507017278,0.0005166813160807674,-0.00020128331379964948,0.050718847662210464,0.002572401659563184,-9.034090908244252e-05,0.006677577737718821,4.4590044126380235e-05,17.854984126984128,12.245891209219707,149.96185150804448
15,21.wav,135.99917763157896,172325,1267.0955882352941,0.2255130261182785,0.29405149817466736,0.08646628260612488,0.4476234236745909,0.2721976966604516,0.07409158606725524,0.23642671641806137,0.16563737832115955,0.027435741097106937,1.0241912603378296,9.230677604675293,85.20541381835938,-4.234376907348633,63.537471771240234,4037.010498046875,0.004976649768650532,1.624422311782837,2.6387476921081543,1382.4055738426348,216.58091031778676,46907.29071408119,1745.6347405709137,272.3492542210438,74174.11627475875,23.901430836403254,7.233031567028189,52.31674564962626,23.901430836403254,7.233031567028189,52.31674564962626,0.5911288675973208,0.6974009918410226,0.486368143420842,-0.006243579713902559,0.08138949787976806,0.0066242503651207695,0.07383779992260062,0.02185315240606564,0.0004775602700827324,8.13947626738809e-05,0.06640610843896866,0.004409771412611008,-3.8086882341303863e-06,0.008375538513064384,7.014964648988098e-05,3.5863219954648526,2.708550480367909,7.33624570470123
16,22.wav,117.45383522727273,149225,1275.4273504273503,0.23557955026626587,0.30194002389907837,0.09116777032613754,0.41748931943996986,0.276021126105493,0.07618766205654447,0.2365794446395696,0.16541916366420836,0.027363499707366155,0.3278442621231079,8.799388885498047,77.42923736572266,-14.917928695678711,81.43421173095703,6631.5302734375,0.005111994221806526,1.6385931968688965,2.6849875450134277,1286.3383949859046,411.8494085640039,169619.93533451983,1475.1963496426904,450.8303408200995,203247.99620396705,23.233901662521063,7.53455372373099,56.76949981578853,23.233901662521063,7.53455372373099,56.76949981578853,0.2677918047923812,0.3618965249099176,0.1309690947418746,0.033800141195436076,0.0911008425425779,0.008299363511967571,0.07227167182662539,0.025967601968040394,0.0006743163519705754,-1.1405193617974874e-05,0.03563360497355461,0.0012697536731138825,-1.280532615055563e-05,0.00609108991920948,3.7101377529324964e-05,3.3239365079365077,2.2027070592946045,4.8519183890662845
17,23.wav,103.359375,98909,1123.965909090909,0.26758578419685364,0.2900536358356476,0.08413110673427582,0.4903003015100308,0.25402467553208313,0.06452853577918012,0.2553687836891172,0.13461098636617375,0.018120117650474214,0.89728844165802,6.523025989532471,42.54986572265625,-6.285918235778809,61.17949676513672,3742.930908203125,0.008792505599558353,1.9118942022323608,3.655339241027832,1519.1388121042469,455.4404285337748,207425.98394302843,1735.6461452429428,286.123945136155,81866.91198027742,21.956253667612515,7.515204327153994,56.47829607887412,21.956253667612515,7.515204327153994,56.47829607887412,0.6986271918160983,0.8655376623970098,0.7491554450276801,-0.011510780158188148,0.07549243715771213,0.0056991080680111154,0.081856836844524,0.03780112633230033,0.0014289251519905295,1.5141017684072722e-06,0.05624924227595329,0.0031639772932976484,-3.038724344150978e-06,0.015525344759225845,0.0002410363231319934,3.59677097505669,1.9988308280701823,3.995324679243731
18,24.wav,107.666015625,128919,1239.6057692307693,0.30669674277305603,0.2866906225681305,0.08219150453805923,0.49837816522450923,0.25658700512597943,0.0658368911995194,0.2562455508790861,0.13293438602561417,0.017671550988007004,2.5542781352996826,13.646100044250488,186.21603393554688,-4.711669921875,48.412078857421875,2343.7294921875,0.006745501421391964,2.0103812217712402,4.041632652282715,1563.306737140219,420.05801670742255,176448.7374001733,1783.0710519797879,333.40195600270425,111156.86426642915,21.969551664960626,7.572937818477313,57.34938720252392,21.969551664960626,7.572937818477313,57.34938720252392,1.3328718545518627,1.4917747823164202,2.2253920011552033,-0.01841043273181222,0.07056282661190631,0.0049791124994619535,0.08095642656733747,0.03360657453143952,0.0011294018517371994,0.00022437974985223264,0.09000813215970993,0.008101464249193668,0.0005620806477963924,0.028680091723799706,0.0008225477067753673,2.8676643990929707,1.7751575600194092,3.151184362894062
19,25.wav,135.99917763157896,170223,1270.3208955223881,0.2449193298816681,0.2872212529182434,0.0824960395693779,0.4621410207947923,0.260793930187141,0.06801347402245538,0.25064888756265324,0.14320778085333816,0.02050846849693773,2.0922412872314453,14.64700984954834,214.53489685058594,-5.429991245269775,42.20753860473633,1781.476318359375,0.003391608130186796,1.956713318824768,3.8287270069122314,2376.8151913411857,459.4940197216294,211134.75415994116,2595.024389452988,372.8656224716863,139028.7724211981,22.69174659061306,7.607652685487915,57.87637938301148,22.69174659061306,7.607652685487915,57.87637938301148,0.9687871622858966,1.1407579209600005,1.3013286342329826,0.0006217135655453259,0.08408420406660744,0.007070153373514882,0.09569688921004257,0.03046185499344951,0.0009279246096419449,0.0028991997241973877,0.08661536127328873,0.0075022210367023945,0.0008889458840712905,0.02011360228061676,0.00040455698035657406,9.582875283446711,4.640280640291958,21.532204420668343
20,26.wav,112.34714673913044,131498,1276.6796116504854,0.31038808822631836,0.2870689630508423,0.08240858465433121,0.5106087664214275,0.2492297990170383,0.0621154927180733,0.26012064434466153,0.12518220208580538,0.01567058371905142,1.62432861328125,10.393011093139648,108.01467895507812,-2.8940482139587402,43.07440948486328,1855.4049072265625,0.011628580279648304,1.814498782157898,3.292405843734741,2830.058344595611,440.1420160535124,193724.9942956504,2918.3483496691756,169.13306851855904,28605.99486650359,20.931299151786153,7.450425545259564,55.508840805456266,20.931299151786153,7.450425545259564,55.508840805456266,1.0024584530639826,1.273621362017544,1.6221113737874242,0.014247755895833826,0.06583251497492848,0.004333920027924182,0.13121708258755804,0.04580365112261476,0.002097974456162208,-6.666088211204624e-06,0.07173721492290497,0.005146228242665529,-3.837538679363206e-05,0.02340501919388771,0.0005477949162013829,5.356843537414966,1.6859046314897763,2.842274426478679
21,27.wav,107.666015625,135582,1303.673076923077,0.2861408293247223,0.29675182700157166,0.08806164562702179,0.45619009691968654,0.2671817143651276,0.07138606849108864,0.2400571811789296,0.1603305432466313,0.025705883097759907,1.0360428094863892,7.442136287689209,55.38539505004883,-9.03512191772461,72.2676773071289,5222.61669921875,0.010410411283373833,1.9324909448623657,3.7345213890075684,1310.501364360313,378.89852469791435,143564.09201825602,1541.656671640375,331.72778520159346,110043.32347475454,22.41024491781987,7.242064176597404,52.447493537955445,22.41024491781987,7.242064176597404,52.447493537955445,0.673806112691368,1.0289471321780872,1.05873220081751,-0.020620858181677915,0.072509347997854,0.0052576055470738925,0.06542420756337074,0.023687871065188836,0.0005611152356010105,-1.9300064479921275e-07,0.05829240009188652,0.0033980037551373243,4.6038013579163817e-07,0.01700512506067753,0.0002891742915380746,6.319310657596372,2.560217447483096,6.55471337839686
22,28.wav,135.99917763157896,158588,1238.96875,0.24366235733032227,0.2978655695915222,0.08872389048337936,0.4225627600231231,0.27330923164787296,0.07469793610395067,0.23938794685854664,0.16132806399440547,0.02602674423218299,1.0409489870071411,8.798501968383789,77.41363525390625,-7.517117500305176,69.54698944091797,4836.78369140625,0.003665884491056204,2.187263011932373,4.784119606018066,1255.279492022168,333.0936809811918,110951.40030959998,1459.4813833789192,296.4899790712205,87906.30768965275,23.45456223274277,7.551676230281022,57.02781388699139,23.45456223274277,7.551676230281022,57.02781388699139,0.617827414830731,0.7356350535411753,0.5411589319985278,0.006964655211028173,0.09262838096723224,0.008580016960610712,0.06935823517318111,0.028409377170804904,0.0008070927112330509,-3.1331608624896035e-05,0.062026724219322205,0.0038473145104944706,-2.6643443561624736e-05,0.01283020619302988,0.00016461418999824673,2.468281179138322,1.2253691702863503,1.5015296034882586
23,29.wav,184.5703125,235238,1278.4673913043478,0.23757928609848022,0.2890227735042572,0.08353416621685028,0.44620512690037334,0.26430488211897213,0.06985707071192375,0.24410106474539298,0.15410387251298657,0.02374800352349882,0.8183127045631409,5.105563640594482,26.0667781829834,-10.308635711669922,62.910606384277344,3957.74462890625,0.004793121479451656,1.6857726573944092,2.841829299926758,1608.2584571423527,371.3843841337744,137926.3607784229,1752.7815007715283,245.43174708202267,60236.74247573395,25.66908800547393,9.592359261801345,92.01335620746603,25.66908800547393,9.592359261801345,92.01335620746603,0.5726103480264588,0.6529743490356889,0.4263755004985816,0.00374655787404511,0.08877934992986754,0.007881772973969872,0.0893084168803212,0.037587852199251134,0.0014128466329527485,-6.516715984616894e-07,0.05817336589097977,0.003384140320122242,-8.73843782756012e-06,0.007513576652854681,5.645383498631418e-05,5.331301587301588,3.3369054203682196,11.134937784482805
24,3.wav,117.45383522727273,144620,1268.5964912280701,0.3226562738418579,0.3008281886577606,0.09049759805202484,0.500756725903816,0.2585697221746014,0.06685830122545054,0.25654429349186364,0.1323569371438228,0.01751835881009386,1.3955613374710083,19.608184814453125,384.48089599609375,-1.7000187635421753,53.5855598449707,2871.412353515625,0.0046532596461474895,2.036015510559082,4.145359516143799,1534.0395348178824,357.48432108094653,127795.03981870528,2058.4980617915326,303.4657922842496,92091.4870867073,20.3755484743181,7.2166050573311225,52.07938855349713,20.3755484743181,7.2166050573311225,52.07938855349713,0.7918338473832256,0.9179029986803569,0.8425459149863912,0.01634789943999831,0.06386090660809662,0.004078215392808039,0.05462325246710526,0.021352376434925,0.00045592397941874045,5.177652565180324e-05,0.06628956645727158,0.004394306801259518,2.704124381125439e-05,0.02058667130768299,0.0004238110559526831,3.810394557823129,1.7488017546624204,3.0583075771103605
25,30.wav,129.19921875,159026,1262.111111111111,0.2621907591819763,0.2873061001300812,0.08254478871822357,0.45831680080291864,0.2710947993714837,0.07349239024626499,0.23982510920736227,0.1606774729917361,0.025817250327010082,1.4793823957443237,9.613529205322266,92.41993713378906,-2.701751232147217,62.54995346069336,3912.496826171875,0.0065915328450500965,1.755462408065796,3.081648111343384,1395.3219131867036,395.9490208239318,156775.6270914304,1479.4311911659868,298.5005273414748,89102.56482313854,22.947624080490563,7.668797074068338,58.8104485632391,22.947624080490563,7.668797074068338,58.8104485632391,0.9045990732469227,1.0895705117109686,1.187163899990102,-0.01847143187744843,0.08231155628234264,0.006775192297621261,0.08255014330979102,0.03385073071995072,0.0011458719702746153,0.00040941472980193794,0.0754624679684639,0.005694583989679813,0.0008208031067624688,0.015581047162413597,0.00024276903423015028,2.738793650793651,1.718550790166903,2.953416818383287
26,31.wav,123.046875,146319,1239.9915254237287,0.1720706671476364,0.29928192496299744,0.08956967294216156,0.30909091319803644,0.3092235206461407,0.09561918572079423,0.20364927137015051,0.20459791690958176,0.04186030760374013,2.8879992961883545,30.766820907592773,946.5972290039062,-13.532230377197266,78.3531265258789,6139.2119140625,-0.0014547941973432899,2.9578511714935303,8.748884201049805,1558.3493687279156,851.4309829176999,724934.7186722006,2021.2230099112758,600.8155845309216,360979.36661523295,26.577601423362545,10.054684656084666,101.09668353330443,26.577601423362545,10.054684656084666,101.09668353330443,0.5433466853459729,0.7487924235726194,0.5606900935997571,-0.0007236376606671053,0.12336597567769395,0.015219163954909375,0.06375887371807276,0.04937130061208954,0.002437525324129313,-8.35768048546015e-07,0.10664933174848557,0.011374080553650856,1.9043332599721907e-07,0.017878226935863495,0.0003196310135535896,3.595609977324263,2.087062884071215,4.355831482067657
27,32.wav,112.34714673913044,142593,1273.1517857142858,0.20839917659759521,0.28947144746780396,0.08379371464252472,0.40668321158793463,0.2740852449891484,0.07512272152076149,0.22869390324761332,0.1761602450915206,0.031032431950704605,0.7439690232276917,11.299755096435547,127.68445587158203,-12.88424301147461,70.4058609008789,4956.98486328125,0.0021673853043466806,1.611515760421753,2.596982955932617,1840.6252866698705,549.2329920291905,301656.8795333369,2004.8287919020604,304.9463708276167,92992.28908093434,26.072715455909968,9.774600346903467,95.54281194168539,26.072715455909968,9.774600346903467,95.54281194168539,0.41317777636797,0.5497210993319108,0.3021932870506846,0.013156211582329772,0.09505425777256898,0.009035311920693992,0.10763143533523607,0.05781045552093139,0.003342048767537587,-3.588598929127329e-06,0.05845196917653084,0.003416632767766714,-1.9280836568214e-05,0.005695957690477371,3.2443935197079554e-05,3.2020317460317456,2.5494717160509737,6.499806030943896
28,33.wav,89.10290948275862,98284,1213.3827160493827,0.19218729436397552,0.2881050407886505,0.08300451189279556,0.39596250226782936,0.28232546831879063,0.07970767006142444,0.2329990683279976,0.17042525485273138,0.029044767491618443,2.1443135738372803,18.09650230407715,327.4834289550781,-8.845932960510254,89.68980407714844,8044.26123046875,0.0017388317501172423,1.8370851278305054,3.3748817443847656,605.9486191959707,108.82865729687177,11843.67664903996,704.3403862953231,128.343116938951,16471.95566560525,24.53267467144057,6.868813347877952,47.18059680798632,24.53267467144057,6.868813347877952,47.18059680798632,0.6261953941573168,0.7669408288206166,0.5881982349120544,0.016692840610722653,0.09060136239690347,0.008208606868175036,0.042738970588235295,0.011604133445818315,0.00013465591302835926,3.5516646335054247e-07,0.09156882017850876,0.008384848944842815,-2.5497058686596574e-06,0.010809355415403843,0.00011684216588037089,3.8800544217687074,2.2615913988220684,5.11479565522596
29,34.wav,135.99917763157896,176699,1271.2158273381294,0.2334061861038208,0.29477936029434204,0.08689487725496292,0.4194286142387823,0.2779740449588325,0.07726956967077502,0.23986513575201243,0.1606177137927258,0.025798049984001977,2.381464719772339,21.09516716003418,445.00604248046875,-11.188191413879395,69.42858123779297,4820.328125,0.0021701031364500523,2.661677837371826,7.08452844619751,973.0741279110736,286.650875644952,82168.72450801774,1454.9073739989092,370.285743590374,137111.5319062762,23.23859901415633,7.471630225083506,55.8252582203814,23.23859901415633,7.471630225083506,55.8252582203814,0.7329598743100896,0.8791604429948955,0.7729230845269809,-0.0160879240851747,0.09006384673444844,0.008111496488606217,0.04070799269543344,0.013558915477832983,0.00018384418893501884,-7.253948297147872e-06,0.09123307466506958,0.00832347385585308,-1.832550515246112e-05,0.020453719422221184,0.00041835466981865466,3.1509478458049887,1.8966325609271042,3.5972150711689053
30,35.wav,95.703125,120709,1284.1382978723404,0.24230371415615082,0.29450833797454834,0.08673516660928726,0.42160569471561726,0.27495943167045744,0.07560268906454096,0.24303355814542163,0.1557819724759874,0.024268022948509296,1.5377646684646606,19.94047737121582,397.62261962890625,-15.37621784210205,74.57534790039062,5561.482421875,0.0005074586952105165,2.29738187789917,5.277963161468506,969.0530093123822,324.93850796510236,105585.03395858691,1534.012566686284,411.61448898454904,169426.48754201145,22.350315571435797,6.586627823746512,43.383666088551706,22.350315571435797,6.586627823746512,43.383666088551706,0.5483122030569872,0.7087196543767552,0.5022835484999074,0.005907566265454436,0.09738011001198504,0.00948288582594631,0.0369602829310178,0.010839152251104583,0.00011748722152262554,2.5293300609519065e-07,0.0693393424153328,0.004807943943887949,-2.9260309020173736e-06,0.020934930071234703,0.0004382713232189417,5.637804988662131,2.547956000003258,6.492079777952602
31,36.wav,86.1328125,108451,1275.894117647059,0.2780633568763733,0.29435595870018005,0.08664543181657791,0.4586700728209424,0.2631488147332634,0.06924729869552139,0.24852648529358928,0.14686020373453346,0.021567919440948678,1.455849289894104,10.170745849609375,103.4440689086914,-8.742344856262207,66.82499694824219,4465.580078125,0.003999091684818268,2.7245664596557617,7.423262596130371,1169.8322169354049,381.7852558660973,145759.9815967414,1863.7446468852088,422.1625648392759,178221.2311516758,22.367193362892124,7.333665713634669,53.782652799340696,22.367193362892124,7.333665713634669,53.782652799340696,0.693590592135849,0.8295103335049642,0.6880873933915168,-0.010709977561894351,0.07729460282577107,0.005974455625993696,0.04104850461977554,0.01291217187144006,0.00016672418243760792,-7.286686013685539e-06,0.06698078662157059,0.004486426245421171,-4.389293462736532e-05,0.019859855994582176,0.0003944139170926064,2.161777777777778,1.3236168492692508,1.7519615636694588
32,37.wav,99.38401442307692,118998,1239.5625,0.25406548380851746,0.30006125569343567,0.09003676474094391,0.442579346282496,0.2692389810007743,0.0724896288903353,0.2470878818563442,0.14926792010702983,0.022280911973078635,1.599591612815857,13.559921264648438,183.8714599609375,-8.208845138549805,65.55970001220703,4298.07421875,0.004362371750175953,2.10945200920105,4.449787616729736,1419.829589176625,698.6960211000012,488176.1299009733,1722.3147607171359,526.8262586820649,277545.90683694195,22.247847245851197,8.174241491566958,66.8182239624548,22.247847245851197,8.174241491566958,66.8182239624548,0.7122834378934202,0.9091484242270496,0.8265508572745273,0.001450206551006224,0.084017182508008,0.007058886956583926,0.06202097795327012,0.038830425091384256,0.0015078019127776042,0.00030233131838031113,0.07713433355093002,0.0059497058391571045,0.0004898434272035956,0.015565471723675728,0.000242283902480267,2.0387120181405898,1.3550907707764128,1.8362709970434128
33,38.wav,95.703125,111718,1227.6703296703297,0.23153211176395416,0.29767951369285583,0.08861309289932251,0.38518052533865255,0.2838184547708974,0.08055291526853993,0.231842656975342,0.17199510382550787,0.02958231573994723,2.3318231105804443,27.638893127441406,763.908447265625,-10.712838172912598,77.22759246826172,5964.10107421875,-0.002215780783444643,2.6322083473205566,6.928520679473877,1011.107939287661,429.7095794080408,184650.3226350353,1703.4569450007937,481.5944189523575,231933.18436605882,23.649114578331154,6.926416588996615,47.9752467643275,23.649114578331154,6.926416588996615,47.9752467643275,0.5898821207804024,0.8067516160023145,0.650848169922346,0.0150248709535882,0.09851654019930339,0.009705508692840962,0.033211817313273995,0.0132073229200747,0.00017443337871513048,-2.5660051505838055e-06,0.08727910369634628,0.007617642171680927,-9.41553389566252e-06,0.022829433903098106,0.0005211830139160156,4.732226757369615,2.197368485611297,4.828428261557685
34,39.wav,123.046875,153972,1272.495867768595,0.24540066719055176,0.2880484461784363,0.08297190815210342,0.42969092941565973,0.26501889847110904,0.07023501654684002,0.2405269855024619,0.1596248808251139,0.025480102578431814,1.9739183187484741,13.736968994140625,188.70431518554688,-7.645988464355469,53.55470657348633,2868.1064453125,0.004756249953061342,1.9229974746704102,3.6979193687438965,1677.3569828713357,423.86343808284556,179660.21414341024,1762.3537326654277,297.11502982802165,88277.34094970621,23.06856934149273,7.627351522246523,58.17649124391635,23.06856934149273,7.627351522246523,58.17649124391635,1.004719594403893,1.2302417472012421,1.5134947565567647,0.012418753061571699,0.0854188915829626,0.007296387039261921,0.0893584921633127,0.03136133712519499,0.0009835334662801334,3.0796370538155315e-06,0.0853656455874443,0.007287293206900358,1.7845786715042777e-05,0.019842378795146942,0.000393720023566857,8.005079365079366,2.7525968384514066,7.5767893550526795
35,4.wav,95.703125,93561,1127.2409638554218,0.18220961093902588,0.29003870487213135,0.08412245661020279,0.4099719354696144,0.2784539402472031,0.07753659683919295,0.22917987804623297,0.17552753867142076,0.03080991683204711,0.8011893033981323,7.6312255859375,58.23560333251953,-10.904616355895996,96.74594116210938,9359.77734375,0.003081908682361245,1.7923253774642944,3.212430238723755,759.0071834829374,118.5494106203822,14053.962758439988,945.5789314164606,276.39875109573507,76396.26960728211,23.116648300239685,6.547489320921375,42.86961640757945,23.116648300239685,6.547489320921375,42.86961640757945,0.3604677973450541,0.4826862222802034,0.23298598917913396,0.0039683728992852135,0.08951733116461234,0.008013352578834877,0.05062025324109907,0.013461454894332044,0.00018121076787213614,2.4620806726716182e-08,0.056284695863723755,0.0031679668463766575,-5.0084491221014105e-08,0.006484886631369591,4.2053754441440105e-05,4.280598639455782,2.2880585017401316,5.235211707385297
36,40.wav,151.99908088235293,50753,650.6794871794872,0.35883036255836487,0.29400181770324707,0.08643706887960434,0.4718251547041199,0.28052582736310355,0.07869473981775378,0.24218299456927958,0.15710101996737522,0.024680730474789622,8.819169998168945,85.23026275634766,7264.19775390625,2.391702651977539,48.37675476074219,2340.310302734375,0.0025050779804587364,1.6335256099700928,2.668405771255493,1434.082978723499,408.0796921962778,166529.03518300882,1847.598325151126,295.4210587458524,87273.60195052037,20.191556290718744,6.764968582347738,45.764799920151965,20.191556290718744,6.764968582347738,45.764799920151965,2.1724432504965256,2.4973737976604533,6.236875885240995,0.019918411823381155,0.07999372077895853,0.006398995364061982,0.06541898811005976,0.0356030648197808,0.0012675782245615136,7.133540930226445e-05,0.174922376871109,0.030597835779190063,0.00058873271336779,0.0464901439845562,0.0021613335702568293,4.209777777777778,2.0079166285995247,4.031729187406482
37,41.wav,151.99908088235293,194376,1270.4313725490197,0.22780533134937286,0.29325181245803833,0.08599662780761719,0.42398864357211513,0.27477659287241557,0.07550217599057323,0.2414539623948031,0.15821920672656128,0.025033317377182337,2.3132781982421875,24.292470932006836,590.1241455078125,-8.954069137573242,55.69326400756836,3101.73974609375,0.0036971576046198606,1.8919061422348022,3.5793089866638184,1538.0280537080596,344.5144966046998,118690.2383707897,1844.7899779202708,388.1689690191818,150675.14850941452,23.09721508447749,8.116134239351425,65.87163499117253,23.09721508447749,8.116134239351425,65.87163499117253,0.8333928949192526,0.9731429008884975,0.9470071055496802,0.0028704828598436812,0.08716895920923463,0.007598427449621212,0.0728676621758901,0.019781865060388513,0.00039132218526741983,1.3213615375207155e-06,0.09125733375549316,0.008327900432050228,1.69914128491655e-05,0.017493927851319313,0.00030603751656599343,3.767437641723356,2.2271540878113805,4.9602153308549415
38,42.wav,86.1328125,111142,1323.1190476190477,0.2705081105232239,0.3003442585468292,0.09020666778087616,0.4405000512025467,0.271951733118466,0.07395774514613734,0.2405118863202283,0.1596476303363721,0.025487365872018917,1.5665020942687988,24.208683013916016,586.060302734375,-8.149055480957031,57.97160720825195,3360.70703125,0.004616832360625267,1.4935526847839355,2.2306995391845703,1578.2783566802573,340.19690952799795,115733.9372524008,2019.7894799888625,297.4342794200703,88467.15057413647,21.85747358439757,6.955853219884894,48.38389401658305,21.85747358439757,6.955853219884894,48.38389401658305,0.6688298636742727,0.8571244050082862,0.7346622456608086,0.0017989853091377832,0.08618337190560901,0.007427573593020518,0.058634755043053405,0.023195711902288443,0.0005380410506539658,3.615516470745206e-05,0.07859063893556595,0.0061764889396727085,-1.7130272681242786e-05,0.010398869402706623,0.0001081364753190428,3.493442176870748,1.7038839269219885,2.903220436423096
39,43.wav,112.34714673913044,141815,1277.6126126126126,0.24507197737693787,0.28765982389450073,0.082748182117939,0.47763156278005364,0.2580773640695412,0.06660392584508251,0.2517152975537803,0.1413249528948982,0.019972742310745188,1.3595044612884521,8.195921897888184,67.17314147949219,-7.5249481201171875,56.350711822509766,3175.40283203125,0.007724775932729244,1.9146296977996826,3.665806770324707,1381.5364805297284,297.43360826288637,88466.75132428014,1716.442427443207,315.4708815046202,99521.87707730212,22.250488892870454,7.733174771853131,59.80199205202572,22.250488892870454,7.733174771853131,59.80199205202572,0.8305302497255418,0.8901351953105211,0.7923406659304996,0.004103055493614959,0.07915141427787989,0.006264946382188569,0.07597421935468267,0.02435645629996286,0.0005932369634920004,-1.4162523029881413e-06,0.06999024748802185,0.00489863520488143,-1.6798763681435958e-05,0.01587926596403122,0.00025215110508725047,3.5514920634920637,2.3568365492402825,5.554678519834843
40,44.wav,112.34714673913044,140400,1264.8648648648648,0.24593330919742584,0.28825852274894714,0.08309298008680344,0.4242420685232373,0.2696522460741936,0.07271233381285745,0.23867546368028664,0.16238028319452305,0.02636735637033351,1.6960371732711792,14.71218204498291,216.4482879638672,-10.760905265808105,51.14345169067383,2615.65283203125,0.003614906221628189,1.8495633602142334,3.420884609222412,1748.052547411937,368.19248059163056,135565.70276421824,1983.864295458192,269.3702071023005,72560.30847433629,24.138725807527095,8.556470537065143,73.21318805166388,24.138725807527095,8.556470537065143,73.21318805166388,0.8041239060107963,0.9198210909408199,0.8460708393395601,0.013658062403870418,0.0942366967541514,0.008880555015133889,0.08543636924342106,0.034287402620680474,0.001175625978472646,-3.3719209113769466e-06,0.08226571977138519,0.006767649203538895,-2.3523616619058885e-05,0.012422122061252594,0.00015430910571012646,7.973732426303856,4.118393953490346,16.961168756145845
41,45.wav,99.38401442307692,126211,1287.8673469387754,0.22031530737876892,0.28892794251441956,0.08347935229539871,0.42944551679777726,0.2715230905314717,0.07372478869176179,0.23650094687033302,0.16553137304683144,0.02740063546276927,2.334290027618408,23.735469818115234,563.37255859375,-7.755760192871094,73.01268768310547,5330.85302734375,0.005500746425241232,1.6227117776870728,2.6331934928894043,848.8572980259537,226.52859019616554,51315.202176262304,1021.9446009931607,259.2457903946007,67208.37983732123,24.256536043344187,6.4172242940187525,41.180767639744474,24.256536043344187,6.4172242940187525,41.180767639744474,0.8268863107267005,0.9504439496621135,0.9033437014493182,-0.03798014494386292,0.0924518191772546,0.008547338869183782,0.05253482972136223,0.022052540043984555,0.00048631452239154236,0.006592972204089165,0.09623643755912781,0.009261452592909336,0.0003944022173527628,0.013744066469371319,0.00018889935745391995,3.3285804988662138,2.0057696682606783,4.023111962114551
42,46.wav,86.1328125,107334,1277.7857142857142,0.22770091891288757,0.2964034378528595,0.08785499632358551,0.40163113619025775,0.2793871116303833,0.07805715814516827,0.23320533374275962,0.17014289772794347,0.028948605647261434,1.5194165706634521,17.122356414794922,293.1750793457031,-10.05875015258789,62.11803436279297,3858.650390625,0.0048469058237969875,1.565666913986206,2.451313018798828,1378.296071278388,249.7388945030809,62369.51542762097,1640.6458109686885,341.12602913329243,116366.96775224786,23.52132418674142,7.451121707056589,55.5192146933699,23.52132418674142,7.451121707056589,55.5192146933699,0.6426924308024473,0.7497581829127404,0.5621373328446144,-0.010439597259772332,0.08951615800279775,0.008013142543581852,0.07510120876064241,0.023330958139708043,0.000544333607716809,1.739046865623095e-06,0.07931847870349884,0.0062914215959608555,-3.636100700532552e-06,0.013305527158081532,0.00017703704361338168,4.726421768707484,2.574206889911435,6.626541112067502
43,47.wav,83.35433467741936,96393,1220.1645569620252,0.19867633283138275,0.28466087579727173,0.08103182166814804,0.43211957193501427,0.2693403520144084,0.07254422522324544,0.23877620301137012,0.1622321121381531,0.026319258208806283,0.5685279369354248,4.344361305236816,18.873476028442383,-9.321686744689941,85.50727081298828,7311.49365234375,0.00426734983921051,1.6614433526992798,2.7603938579559326,935.9226638818781,208.0608058611886,43289.298935607214,1017.5614808390102,161.67660523394517,26139.32467997295,24.185247363627617,8.130564350441878,66.10607665667636,24.185247363627617,8.130564350441878,66.10607665667636,0.43852794535397305,0.5121850476687916,0.26233352305548235,0.014140235333917998,0.09220930160342188,0.008502555302190821,0.06592137008997678,0.020532758202295897,0.0004215941593939494,2.5370176444994286e-05,0.0469663180410862,0.0022058349568396807,2.6688407160690986e-05,0.007958469912409782,6.333724013529718e-05,4.748480725623582,2.4753114225470587,6.1271666385919445
44,48.wav,99.38401442307692,126151,1274.2525252525252,0.2476150393486023,0.28878262639045715,0.08339539915323257,0.45232257815289717,0.2613402880970047,0.06829874618262544,0.24510950588946478,0.15249479812752886,0.02325466345595578,2.2344672679901123,13.702245712280273,187.75152587890625,-4.086625576019287,41.389896392822266,1713.1234130859375,0.005017420742660761,2.0807013511657715,4.329318523406982,2057.254270266462,392.36356342768397,153949.16590567018,2308.2267523385904,315.19202353740934,99346.0117016068,23.57363226817912,8.551092036297945,73.12117501323813,23.57363226817912,8.551092036297945,73.12117501323813,1.0897508716663387,1.2325389544711658,1.5191522742888746,0.0084960562112479,0.07465761586696991,0.0055737596069400375,0.09317781903057276,0.02785292823440843,0.0007757856112311063,-3.1214487989927875e-06,0.09136142581701279,0.00834691058844328,1.394079936289927e-05,0.019521813839673996,0.0003811012429650873,4.8309115646258505,3.000315339490751,9.001892136383502
45,49.wav,151.99908088235293,190957,1290.25,0.36056360602378845,0.30017146468162537,0.0901029109954834,0.5093067491941297,0.2583695832542755,0.06675484155098799,0.25683670923135,0.13178861151307542,0.017368238124544317,0.976737380027771,9.180614471435547,84.28368377685547,-3.611945867538452,67.43616485595703,4547.63623046875,0.007027359679341316,1.744768500328064,3.044217109680176,1344.998808473913,402.55070163830214,162047.06738948936,1637.2865144921714,330.31272692857044,109106.49757098836,22.194089498086186,8.668456102329111,75.14213119800681,22.194089498086186,8.668456102329111,75.14213119800681,0.6627539414442002,0.833421870597166,0.6945920143896792,0.003451199196120916,0.06645093437167407,0.0044157266788685335,0.06957270855505031,0.03774063015786283,0.0014243551647125853,0.000160296491230838,0.05847467482089996,0.003419287735596299,0.0005715700681321323,0.015846222639083862,0.0002511027851141989,8.392852607709752,5.238086607376738,27.437551306379543
46,5.wav,95.703125,82689,1046.6962025316457,0.23511536419391632,0.2910486161708832,0.0847092941403389,0.45938095628392456,0.2649877209211814,0.07021849223900191,0.24784808945059558,0.14800222258136161,0.02190465788902291,0.5806970596313477,3.982508659362793,15.860374450683594,-9.141742706298828,98.44812774658203,9692.033203125,0.003733343444764614,1.310727834701538,1.7180074453353882,591.1805574826973,97.94043295456686,9592.328407328005,683.1260888658405,76.60160363182804,5867.80567896769,22.556182143029968,5.998557582372703,35.98269306904104,22.556182143029968,5.998557582372703,35.98269306904104,0.40945847041420674,0.4639296836384387,0.2152307513608618,-0.012606243919712113,0.08270328587746688,0.006839833494930012,0.04109971368275929,0.011329836149323948,0.00012836518717052772,0.0007521168445236981,0.04668216034770012,0.002179224044084549,0.0005371612496674061,0.006979719270020723,4.8716479795984924e-05,2.739954648526077,1.6097977745365868,2.591448874902947
47,50.wav,129.19921875,159741,1247.9765625,0.3122847378253937,0.2973819375038147,0.08843602240085602,0.45988249884477256,0.27002170878690845,0.072911723216202,0.24498796634760958,0.1526899789711029,0.02331422967819585,3.4810328483581543,21.490398406982422,461.8372497558594,-2.0133349895477295,51.005001068115234,2601.510009765625,0.003144865855574608,1.8287982940673828,3.344503164291382,1564.3918607236244,382.78070914426655,146521.0712929876,1777.9881086298305,250.59197851759205,62796.33969736132,23.884626604368872,8.618855563259524,74.28467122032964,23.884626604368872,8.618855563259524,74.28467122032964,1.3432304360568064,1.6825954661879288,2.8311275028361735,-0.014688326962139132,0.07632191037796378,0.005825034003741935,0.08093703623734916,0.037754910977474986,0.0014254333029170613,1.951977174030617e-05,0.11236163973808289,0.012625137344002724,0.00022056732268538326,0.02696816623210907,0.000727282022126019,1.7252426303854875,0.9328268185227298,0.8701658733552378
48,51.wav,86.1328125,104990,1249.8809523809523,0.23058049380779266,0.2963118851184845,0.08780072629451752,0.4086301184924211,0.27717789696832623,0.07682758656778407,0.23532298554414113,0.1672017518087812,0.02795642580792527,1.7320985794067383,21.753374099731445,473.2092590332031,-8.610658645629883,81.37495422363281,6621.8837890625,0.005933687556535006,1.8672300577163696,3.4865481853485107,767.8205853162626,261.79192087270815,68535.00983422229,1331.8909959874495,398.6058796074935,158886.64725766357,21.560233131409174,6.478008480708254,41.964593876128056,21.560233131409174,6.478008480708254,41.964593876128056,0.5475809276588175,0.7183271950891194,0.5159939592046017,0.0026815759234902824,0.08926419786921706,0.007968097021234735,0.033371869255514705,0.008182449242782134,6.695247561070594e-05,-2.4395064883719897e-06,0.07681277394294739,0.005900201853364706,-7.148504664655775e-06,0.018680937588214874,0.0003489774535410106,2.8316734693877548,1.7708542031634151,3.135924608861534
49,52.wav,112.34714673913044,136154,1249.119266055046,0.3050374388694763,0.3074433505535126,0.0945214182138443,0.3955425772844092,0.2899507076032945,0.0840714128396512,0.22314374681057364,0.18313984163112065,0.03354020159267195,1.3261042833328247,9.82906723022461,96.61056518554688,-6.801507472991943,85.29801940917969,7275.75146484375,0.006832847837358713,2.408449649810791,5.800629615783691,1309.8420518848043,805.7862471070961,649291.4760269381,1694.8129842632584,675.2308145061672,455936.65285866195,22.08161093598772,7.496778740550837,56.20169148477498,22.08161093598772,7.496778740550837,56.20169148477498,0.6901674790496412,1.0671639233255426,1.1388388392475643,0.0004317733312801799,0.09035022935694553,0.008163163944852662,0.06382406606762771,0.05551176702976075,0.0030815562787664327,1.196997345687123e-05,0.06845781207084656,0.004686471540480852,0.00013655865041073412,0.019298378378152847,0.0003724273992702365,12.578249433106576,7.915794926462207,62.65980931780482
50,53.wav,123.046875,153592,1269.3553719008264,0.32553398609161377,0.2942372262477875,0.08657555282115936,0.5267259999752099,0.2501099144213131,0.06255496929183654,0.26236263277660077,0.12041255024233924,0.014499182255863871,1.4692533016204834,14.128575325012207,199.61663818359375,-7.628189563751221,51.53010559082031,2655.351806640625,0.0051647271029651165,1.6224236488342285,2.632258415222168,2126.8660979938436,482.6876240927763,232987.3424523293,2374.2681372334578,407.3532010351769,165936.6303936052,21.253259309672586,7.725140480289207,59.677795440202964,21.253259309672586,7.725140480289207,59.677795440202964,0.8022507810403245,1.135286546273363,1.288875542149301,0.008038846841214987,0.0620855727523719,0.0038546183439900636,0.0989820167376161,0.03373809489949667,0.0011382590474474429,2.2419621927838307e-06,0.06666295975446701,0.0044439504854381084,1.1629484106379095e-05,0.021151220425963402,0.0004473741282708943,1.6497777777777778,1.0044737408891629,1.0089674961358692
51,54.wav,172.265625,207852,1259.709090909091,0.2558993101119995,0.2922349274158478,0.0854012593626976,0.47680173963669165,0.25959927588830833,0.06739178404173402,0.25744395076167803,0.13059841327348523,0.017055945549552046,1.0760276317596436,7.168027400970459,51.380619049072266,-9.451359748840332,74.56864929199219,5560.4833984375,0.005045839585363865,1.7286584377288818,2.98826003074646,977.4285981591469,188.1687342664303,35407.47255543046,1429.3085800179965,353.431481490606,124913.81210864458,20.954959384886212,7.084303502688452,50.18735611820387,20.954959384886212,7.084303502688452,50.18735611820387,0.6117782041869086,0.7261928160978389,0.5273560061521096,-0.012163605000128497,0.07955159105361477,0.006328455639161561,0.04931640625,0.008336263865694455,6.949329523848307e-05,-9.198624866257887e-07,0.05723179876804352,0.0032754787243902683,-6.034983925928827e-06,0.016750521957874298,0.0002805799595080316,4.47912925170068,2.4780478767005447,6.140721279220078
52,55.wav,95.703125,118445,1260.0531914893618,0.2678346633911133,0.2927800416946411,0.08572014421224594,0.4291791507117544,0.2705720415724299,0.07320922968067274,0.23576633690688803,0.1665760118229546,0.027747567714841107,0.8161538243293762,5.8824310302734375,34.60299301147461,-12.597746849060059,66.76143646240234,4457.08984375,0.004532200749963522,1.64431893825531,2.703784704208374,1252.9761161841489,290.5376480505154,84412.12493472514,1550.553424482196,262.0298910676162,68659.66381290679,23.845783142843256,7.503584333090801,56.30377784380572,23.845783142843256,7.503584333090801,56.30377784380572,0.5489092523924932,0.6524641146434343,0.42570942089744057,0.00905980047528031,0.0969622276520569,0.00940167359124931,0.057648933339783284,0.01933458139574328,0.00037382603774862216,-1.8810147821568535e-06,0.05619533732533455,0.0031579160131514072,-1.1932818779314402e-05,0.008580828085541725,7.363061740761623e-05,27.985850340136057,9.896049037318894,97.93178654902023
53,56.wav,78.30255681818181,95402,1255.2894736842106,0.23096169531345367,0.29215481877326965,0.08535443246364594,0.4470689938597375,0.2708980576485718,0.07338575763776893,0.24106081031960433,0.15881756534271976,0.025223019061389063,2.074070692062378,16.25731086730957,264.3001403808594,-5.387609004974365,61.722312927246094,3809.64404296875,0.004568604286760092,1.659073829650879,2.752526044845581,1252.855218003938,365.0110865130754,133233.0932774558,1694.2068061020843,430.2983002440294,185156.62719290087,23.11380749861378,8.431948372174377,71.09775335101413,23.11380749861378,8.431948372174377,71.09775335101413,0.8079264895850528,0.9110148490736936,0.8299480552327647,0.0075067374249861525,0.08490653689931041,0.007209120008233959,0.055274231145994585,0.013638975885136512,0.0001860216631953353,-3.680045665532816e-06,0.0872081071138382,0.007605253718793392,-2.8961594580323435e-05,0.014108536764979362,0.00019905081717297435,6.460952380952381,3.4655335024480127,12.009922456589589
54,57.wav,112.34714673913044,99667,1060.287234042553,0.24787934124469757,0.2914234399795532,0.08492761850357056,0.4273015053034396,0.26620479352752385,0.07086499209703159,0.23392538898963267,0.16915154660653375,0.02861224571938236,1.1452021598815918,8.81564712524414,77.71562957763672,-6.0190510749816895,73.39936828613281,5387.4677734375,0.0010966771515086293,1.0966325998306274,1.2026029825210571,1145.6554957634673,278.3350279256284,77470.38777036036,1341.8136032724594,198.52532991361196,39412.306617308466,23.98070027659923,7.611772001696257,57.93907300580704,23.98070027659923,7.611772001696257,57.93907300580704,0.6684915420923037,0.8522021797734158,0.7262485552105614,-0.015827951712448784,0.08764644044265206,0.007681898522267356,0.06584053464079889,0.02209050265945844,0.00048799030774754045,0.0006355863297358155,0.0670909434556961,0.004501194227486849,0.0005617000279016793,0.010176224634051323,0.00010355553968111053,14.775631141345425,10.253619283849565,105.13670841813168
55,58.wav,89.10290948275862,103651,1233.9404761904761,0.24903732538223267,0.29334941506385803,0.08605388551950455,0.4351121655984973,0.2684855138893038,0.07208447116840355,0.23934467921550007,0.16139224846492076,0.026047457864562713,2.4825844764709473,21.78851890563965,474.7395935058594,-6.697477340698242,54.498016357421875,2970.03369140625,0.001716364175081253,1.919920563697815,3.6860949993133545,1659.2485730220785,327.07167097662324,106975.87795544049,1861.702172731244,303.48414425625214,92102.62581494964,23.09602282666927,7.621924225423809,58.093728898102334,23.09602282666927,7.621924225423809,58.093728898102334,0.9677315688211865,1.4183117504019953,2.011608221328372,-0.015192400457402468,0.08517637567983143,0.007255014973951779,0.08791122200319272,0.030501523208419194,0.0009303429180337348,5.61492333872593e-06,0.09922987222671509,0.009846567176282406,2.0850554847129388e-06,0.021327579393982887,0.0004548656288534403,3.658303854875283,2.418740043652693,5.850303398769031
56,59.wav,117.45383522727273,144663,1268.9736842105262,0.23968008160591125,0.290861576795578,0.08460045605897903,0.45290566016490996,0.26811696083541764,0.07188670468762087,0.24183800135464822,0.15763157816288748,0.024847714434122502,1.5997486114501953,10.17839241027832,103.59966278076172,-8.788578033447266,64.32530975341797,4137.7451171875,0.006007366813719273,1.8160016536712646,3.2978618144989014,1329.7526263183554,354.1248665961741,125404.4211417581,1510.5869304086777,300.34048023098984,90204.40406538159,22.708763257216766,7.240485280369553,52.42462709524816,22.708763257216766,7.240485280369553,52.42462709524816,0.8667690019864469,1.1203309310089642,1.2551413949754124,-0.015028586320079175,0.08636319955455699,0.0074586022373002315,0.07543340629837461,0.0259092680452444,0.0006712901706403227,2.57996589425602e-06,0.0764276534318924,0.00584118627011776,2.1984738850733265e-05,0.01770523190498352,0.0003134752332698554,5.510095238095238,2.7128728720212774,7.359679219748974
57,6.wav,161.4990234375,208835,1273.3841463414635,0.1797894686460495,0.2877568006515503,0.08280397951602936,0.3713437701746629,0.28299573888004864,0.08008658822426468,0.22401473740735564,0.18207342133778567,0.03315073075764683,2.4171829223632812,25.50397300720215,650.45263671875,-8.989466667175293,85.37943267822266,7289.64697265625,0.003412857186049223,1.8375768661499023,3.3766889572143555,675.0839814233871,113.07121873310261,12785.100505789134,815.326632204542,138.07633383087676,19065.07396417572,22.778188825611945,6.445895877041654,41.549573657662584,22.778188825611945,6.445895877041654,41.549573657662584,0.6160864216655842,0.7136023901361235,0.5092283712079883,-0.021146353351729787,0.09885952626480944,0.009773205933302546,0.04678977753724845,0.012636036896858731,0.00015966942845877522,0.00253626168705523,0.09849266707897186,0.009700805880129337,0.0005521829589270055,0.01084717083722353,0.0001176611112896353,3.4481632653061225,2.032595041270291,4.131442601796576
58,60.wav,99.38401442307692,117985,1241.9473684210527,0.21005941927433014,0.2886806130409241,0.0833364948630333,0.39764081789153605,0.27368587834036423,0.07490396000293664,0.23021811152449126,0.17416358534271809,0.030332954459430246,2.0115914344787598,16.61188316345215,275.9546813964844,-9.244211196899414,89.47403717041016,8005.60302734375,0.004660876002162695,1.8469072580337524,3.4110665321350098,613.1060561469849,101.2506301024547,10251.690096144106,673.5099054511221,134.92555169519565,18204.904500252913,24.828408012812385,5.773780513005665,33.336541412363964,24.828408012812385,5.773780513005665,33.336541412363964,0.6145317768897731,0.8392789764718426,0.7043892003476236,0.0019194890504694447,0.1023405182428384,0.010473581674212737,0.0414912457067531,0.008031746401918368,6.450895026472864e-05,1.2229763797222404e-06,0.08884552121162415,0.007893526926636696,4.531439401489479e-07,0.010584435425698757,0.00011203026951989159,4.327038548752833,2.874132135485761,8.260635532231941
59,61.wav,184.5703125,239889,1276.0053191489362,0.25309523940086365,0.29266786575317383,0.08565447479486465,0.4839366210780664,0.2611354649337329,0.06819173104615686,0.256104242114865,0.1332064206564532,0.01774395050410396,1.7721863985061646,11.406338691711426,130.10455322265625,-6.912788391113281,60.9647216796875,3716.697265625,0.0025554802268743515,1.9137015342712402,3.6622536182403564,1191.4246739863413,210.6734571147908,44383.305532697595,1713.6767628110747,278.33277270917137,77469.13236397524,20.989961984105463,7.878231865926193,62.06653733329492,20.989961984105463,7.878231865926193,62.06653733329492,0.8397070814226799,0.9618422282569298,0.9251404720582558,0.0025966018162814335,0.07572469147478048,0.005734228898950691,0.05025725468024381,0.008095947465737692,6.554436536798456e-05,-9.272399665860576e-07,0.07224688678979874,0.0052196127362549305,-1.264539150724886e-05,0.022808153182268143,0.0005202118190936744,4.7554467120181405,2.7458477537840076,7.53967988696068
60,62.wav,123.046875,155541,1285.4628099173553,0.2484605759382248,0.2895791828632355,0.08385610580444336,0.4454507630051746,0.26934548375020007,0.0725469896166293,0.24604734858118488,0.1509769372768644,0.022794035589502243,2.944878101348877,18.97079086303711,359.89093017578125,-7.468350887298584,74.6640853881836,5574.72607421875,0.005930236075073481,2.1793503761291504,4.749567985534668,809.5977708683524,166.03332264892245,27567.064229841184,813.4059665490647,139.83736566208552,19554.48883531181,24.46012058946612,7.78644861485571,60.62878203178841,24.46012058946612,7.78644861485571,60.62878203178841,1.0223465267882834,1.263536420138191,1.5965242850156347,0.010222531044469508,0.08538053065080665,0.007289835014213335,0.05664667182662539,0.018420124113672047,0.0003393009723630825,-4.7269662900362164e-05,0.0994899570941925,0.009898250922560692,-0.0001500743965152651,0.02689780481159687,0.0007234918884932995,2.6679727891156464,1.3438296741244478,1.8058781930574195
61,63.wav,78.30255681818181,95875,1261.5131578947369,0.27366089820861816,0.2954806983470917,0.0873088464140892,0.5131520033559266,0.24753768742713123,0.061274906696772116,0.25697841722697723,0.13151207706081955,0.01729542641285094,0.9642816781997681,7.658255100250244,58.648868560791016,-8.503299713134766,91.1405029296875,8306.591796875,0.004346668720245361,1.7697513103485107,3.132019519805908,686.3519681846619,137.36859290692354,18870.130317228082,885.5123820700015,307.8637347574327,94780.0791787949,22.841522697945052,6.662935248128463,44.3947061207527,22.841522697945052,6.662935248128463,44.3947061207527,0.5229795289589622,0.7179352613694043,0.515431039517555,-0.00013183804310494307,0.0794682765176337,0.006315206972683093,0.0430808052559017,0.011675709015198944,0.00013632218100759788,3.903782726411009e-06,0.05898052081465721,0.003478701924905181,8.825577424431685e-06,0.010603014379739761,0.00011242390610277653,5.737650793650794,3.2448247890829838,10.528887911847429
62,64.wav,129.19921875,165373,1281.9612403100775,0.29292458295822144,0.2973037362098694,0.08838950842618942,0.5220701675921603,0.2500470581484637,0.06252353128870117,0.2673396890213326,0.10891659197436587,0.0118628240073105,2.6352860927581787,19.651458740234375,386.1798095703125,-4.837861061096191,76.39432525634766,5836.09326171875,0.002007788047194481,1.4809818267822266,2.1933071613311768,656.8873172277641,121.28054147289693,14708.969739959071,989.2756229027476,203.96903627529937,41603.36775907439,19.82967806452256,6.4015410308301375,40.97972756940178,19.82967806452256,6.4015410308301375,40.97972756940178,0.9676243857226215,1.0715958451432102,1.1483176553281909,0.011836053457120136,0.06455030386887234,0.004166741729563755,0.03833366842830882,0.007206684436932813,5.193630057352962e-05,-3.0354342470673146e-06,0.08411047607660294,0.007074571680277586,-2.8107917387387715e-05,0.030580047518014908,0.0009351393091492355,2.6238548752834467,1.5802027897851045,2.4970408568446274
63,65.wav,184.5703125,233073,1273.622950819672,0.24818028509616852,0.2895538806915283,0.08384145796298981,0.46674817787701517,0.26049706385010596,0.06785872027452618,0.25720656199492054,0.13106531883029324,0.01717811780008642,4.310939311981201,23.819896697998047,567.3875122070312,-1.9112721681594849,27.17008399963379,738.2134399414062,0.007509475573897362,1.9689868688583374,3.8769092559814453,2900.4745097602818,304.5470623518965,92748.91318716995,2926.8555043101433,153.07449662494682,23431.801516980857,23.165281505897347,9.132411405030004,83.40093807072209,23.165281505897347,9.132411405030004,83.40093807072209,1.6033339468940628,1.7534939392028248,3.0747409948210396,0.007414056108748243,0.07320557931017169,0.005359056842137836,0.14360022766302244,0.030487290448116062,0.0009294748788677888,-1.8956199710373767e-05,0.12264179438352585,0.015041009522974491,-0.0001246319734491408,0.03848886489868164,0.001481392653658986,2.727183673469388,1.4350697496991252,2.0594251865015094
64,66.wav,143.5546875,20309,423.1041666666667,0.2366556078195572,0.28914663195610046,0.08360577374696732,0.44773994662518346,0.2687924007715673,0.07224935471254285,0.24757244153458752,0.14846285571124038,0.022041219525936576,2.46152400970459,16.629941940307617,276.5549621582031,-7.559953212738037,82.07772827148438,6736.75341796875,0.006501225288957357,2.0780575275421143,4.318322658538818,757.883989494275,208.65682965032687,43537.67255972553,755.43376645537,167.8992414738049,28190.155287479047,23.82928587982214,7.100392848952456,50.41557860945518,23.82928587982214,7.100392848952456,50.41557860945518,0.8704781405449541,1.1251365366639974,1.265932226136255,0.008243186090007858,0.09161923608202494,0.00839408442025382,0.053550370619946094,0.025436907123449478,0.0006470362440069948,-9.630459771869937e-07,0.08710293471813202,0.007586921565234661,-5.782000243925722e-06,0.031230809167027473,0.0009753634803928435,2.9361632653061225,2.0876337315455036,4.358214597086604
65,67.wav,129.19921875,153857,1240.782258064516,0.2692803740501404,0.29130175709724426,0.08485671877861023,0.4806852002829567,0.25850289101406504,0.06682374466262958,0.2554283514505782,0.1344979204618914,0.018089690608573267,2.041438102722168,16.779296875,281.5448303222656,-9.486207008361816,48.50769805908203,2352.996826171875,0.006090214010328054,1.6417460441589355,2.6953301429748535,1755.0802279749587,310.6349353666531,96494.06307024477,2027.5141114963722,242.3874517936828,58751.6767870349,23.2021058463049,8.245805372947352,67.99330624852743,23.2021058463049,8.245805372947352,67.99330624852743,0.944070690883126,1.0686498828542654,1.1420125721244354,0.022818089398137273,0.08040930642495092,0.0064656565597416525,0.08353426434307276,0.030008734632725267,0.0009005241542573249,-2.2515971522807376e-06,0.08720750361680984,0.007605148945003748,-1.2576546396303456e-05,0.016621386632323265,0.0002762704680208117,3.864961451247166,2.3656390766752566,5.59624824109296
66,68.wav,129.19921875,162267,1267.7109375,0.2398541420698166,0.29512083530426025,0.08709631115198135,0.4042964440003988,0.27710988179826956,0.07678988659025092,0.2278235289995159,0.177284440850121,0.03142977296754005,0.6281280517578125,5.061461925506592,25.618396759033203,-12.398015022277832,74.26248168945312,5514.916015625,0.004671125672757626,1.7403644323349,3.0288684368133545,1547.266271517724,321.348062387293,103264.57720006755,1791.6345216700347,346.00048697311297,119716.33698563131,23.477450628435065,7.2990068190541635,53.275500544599176,23.477450628435065,7.2990068190541635,53.275500544599176,0.4466608081942258,0.624896651013307,0.39049582444764686,-0.007843959873585061,0.0848652959749925,0.007202118460923078,0.07002773225861068,0.02308370453418965,0.0005328574150217679,-2.207794204878155e-05,0.04950350150465965,0.0024505965411663055,-7.814220589352772e-05,0.009325794875621796,8.69704526849091e-05,25.257505668934236,12.051131576047252,145.22977226320313
67,69.wav,117.45383522727273,147750,1273.7068965517242,0.32301080226898193,0.2887256145477295,0.08336248248815536,0.502582862872707,0.24991309909947934,0.06245655710150619,0.2567778925984738,0.13190317360101692,0.017398447206020008,2.0902669429779053,9.416031837463379,88.66165924072266,-1.630926489830017,40.844825744628906,1668.2998046875,0.011211132630705833,1.8770095109939575,3.523164749145508,2335.7283999159117,586.8620001429986,344407.0072118408,2588.2068240985463,325.4537366373038,105920.13469118348,21.030676619944185,7.730229885702494,59.756454085807995,21.030676619944185,7.730229885702494,59.756454085807995,1.206976746247444,1.3753225114898542,1.8915120106107601,0.011197878347716933,0.069339838717429,0.004808013233359066,0.10832436387383901,0.058379306642035306,0.0034081434440047876,6.073375402593229e-07,0.08209102600812912,0.0067389365285634995,1.747132591845002e-05,0.02468820847570896,0.0006095076096244156,6.3506575963718825,2.662423734227759,7.088500140579285
68,7.wav,117.45383522727273,149915,1281.3247863247864,0.2660346031188965,0.29017868638038635,0.08420366793870926,0.4585414471929667,0.260801677146364,0.06801751480235628,0.24767702731109095,0.14828831199954512,0.02198942347567444,2.0868561267852783,11.026223182678223,121.57760620117188,-9.045559883117676,64.53893280029297,4165.27392578125,0.005405833013355732,2.1341664791107178,4.554666996002197,1033.7394040595307,263.0467779441207,69193.60738678357,1400.5860292798156,300.6291706290024,90377.89823308183,23.3672141124891,7.089890560141176,50.26654815477895,23.3672141124891,7.089890560141176,50.26654815477895,0.8988703248156468,0.9617830483106224,0.9250266320176731,0.006926758150274653,0.09577281466921034,0.00917243202966291,0.050016704358552634,0.013848437432062433,0.00019177921930974793,-2.439408717691549e-06,0.0848725363612175,0.00720334704965353,-3.0226012768252986e-06,0.01846895180642605,0.0003411021607462317,2.8200634920634924,1.7384827496242523,3.022322270741101
69,70.wav,198.76802884615384,234069,1258.4354838709678,0.30173203349113464,0.28152263164520264,0.07925499975681305,0.4849478170979158,0.24931433741629885,0.06215763884132811,0.253613886121872,0.1378888323958669,0.019013330099495476,3.5516927242279053,17.40816307067871,303.04412841796875,-3.0036983489990234,32.814239501953125,1076.7742919921875,0.011986999772489071,1.596826434135437,2.5498545169830322,2364.638334597105,346.8011996751065,120271.07209609306,2557.4361833668972,211.87316318113866,44890.23727638141,22.34267463670351,8.152265448226357,66.45943193834529,22.34267463670351,8.152265448226357,66.45943193834529,1.5541587341807437,1.6539304147790987,2.7354858169313614,-0.006986525177232883,0.07813796670716842,0.00610554184113056,0.10591621517027863,0.02996813636271096,0.000898089197054039,-2.2453621568274684e-05,0.11370494216680527,0.012928813695907593,4.096542397746816e-05,0.024890733882784843,0.0006195486057549715,4.318911564625851,2.300393301409473,5.291809341169574
70,71.wav,117.45383522727273,148123,1276.9224137931035,0.2760359048843384,0.28973087668418884,0.08394398540258408,0.45408549452989927,0.2703395283058662,0.07308346056463824,0.24022502666963946,0.16007894894365202,0.02562526989490435,3.718661069869995,23.013975143432617,529.64306640625,-2.306391716003418,49.56766891479492,2456.95361328125,0.010205615311861038,3.3827316761016846,11.44287395477295,1796.3517757349664,1019.9360312877609,1040269.5079190284,2117.0627083818804,646.7475966658487,418282.45379305136,21.666009185182915,6.179810773858193,38.1900612006938,21.666009185182915,6.179810773858193,38.1900612006938,1.2728383583815828,1.5723551602492623,2.4723007499624834,0.0020029189213735914,0.07533061806487454,0.005674702018036003,0.08009002968991873,0.057504610277863404,0.003306780203208953,5.734578735427931e-05,0.10409097373485565,0.010834931395947933,0.0003500143648125231,0.04345015808939934,0.0018879163544625044,3.903274376417233,2.489130401932608,6.195770157825185
71,72.wav,103.359375,130707,1269.0,0.27716636657714844,0.2910526990890503,0.08471167087554932,0.49976785846068683,0.25683282526145,0.06596310013177852,0.26143388269302836,0.12241592344699782,0.014985658313381231,1.115084171295166,9.39335823059082,88.23517608642578,-5.183116436004639,58.41119384765625,3411.867431640625,0.006512760184705257,2.015148401260376,4.0608229637146,1585.4342422459385,371.6727009106356,138140.59660220682,1679.6941806683465,199.52022767602665,39808.32125189351,22.980091939573796,8.341932484189282,69.58783757077236,22.980091939573796,8.341932484189282,69.58783757077236,0.7681177181996582,0.9437020385092595,0.8905735374865319,0.016620180823706022,0.06928028053422872,0.004799757270901431,0.09381632612954721,0.03807183449541547,0.0014494645818463076,-5.941989002167247e-06,0.06001593545079231,0.003601912409067154,-1.284291829506401e-05,0.01837199367582798,0.0003375301603227854,4.085551020408163,2.612801859495856,6.826733556985002
72,73.wav,112.34714673913044,13047,383.7352941176471,0.2691594958305359,0.2847948670387268,0.08110812306404114,0.4681202735369906,0.2567330621845844,0.06591186521867368,0.2518330144833187,0.14111508122655753,0.019913466149577928,1.9654560089111328,12.347208023071289,152.4535369873047,-7.386542797088623,80.49919891357422,6480.12158203125,0.0008623925969004631,1.183722972869873,1.4012000560760498,686.7262128553622,146.0347221387967,21326.140070155554,694.7809318781697,142.7923109903669,20389.644077969657,24.55803826539984,6.784654048366951,46.031530556022055,24.55803826539984,6.784654048366951,46.031530556022055,0.8590975240906406,1.0413746387153486,1.0844611381595228,0.03979081504569938,0.08001734078473591,0.00640277482626056,0.045937005727569015,0.011588362871567101,0.00013429015404311492,3.007624513884366e-07,0.0824345052242279,0.006795447785407305,-2.1248159498554742e-07,0.015904365107417107,0.00025294884108006954,6.017451247165534,3.9360958383206115,15.492850448444836
73,74.wav,86.1328125,108589,1262.6627906976744,0.18830224871635437,0.29065224528312683,0.08447873592376709,0.37494502646781613,0.28845616868060114,0.08320696124989142,0.24865229251780419,0.14664709597865785,0.021505370758973685,0.7880138754844666,11.98201847076416,143.5687713623047,-13.255664825439453,68.05412292480469,4631.36328125,0.0006731842295266688,2.0965206623077393,4.39539909362793,1783.934869947526,376.3514515387119,141640.4150752954,1696.8252410345365,252.0214516576393,63514.81209562381,25.161972861688685,7.819706657042737,61.14781220219849,25.161972861688685,7.819706657042737,61.14781220219849,0.42573275514694786,0.5241137984566471,0.27469527373265484,-0.008495717367496977,0.10213765655613127,0.010432100886778227,0.09623996982633513,0.036244268695348525,0.0013136470132606212,1.0297657127011917e-06,0.056175101548433304,0.0031556421890854836,5.545171006815508e-07,0.009443097747862339,8.91720992513001e-05,3.8092335600907026,2.5571219510775545,6.538872672682679
74,75.wav,143.5546875,133504,1094.295081967213,0.2493012696504593,0.29095709323883057,0.08465602248907089,0.45583553020337025,0.2663282517203854,0.07093073766443696,0.2516959656835076,0.14135937956845981,0.019982474191979894,1.6857690811157227,13.135272979736328,172.535400390625,-9.24030876159668,76.94434356689453,5920.431640625,0.003312932327389717,2.2221288681030273,4.937857151031494,830.6063962708109,159.541548947029,25453.505840417252,852.9632636341356,169.49246488976203,28727.695654407213,24.619128517314735,8.146666026155513,66.36816734171646,24.619128517314735,8.146666026155513,66.36816734171646,0.7498114033864405,0.9460951389072211,0.895096011863874,0.0032393914505640963,0.08959189727851614,0.00802670805796419,0.04980185305001935,0.012022941742442938,0.00014455112814217683,-4.731187345896615e-06,0.07437703013420105,0.005531942937523127,-5.993014565319754e-05,0.021867960691452026,0.00047820768668316305,3.2415056689342405,1.9676551755179166,3.8716668897424427
75,76.wav,135.99917763157896,163682,1288.8346456692914,0.2711096704006195,0.2975330650806427,0.0885259211063385,0.5132720129180943,0.2493638069086214,0.06218230819596022,0.26385663799458736,0.11710255300174552,0.013713007919526617,2.1253557205200195,15.285954475402832,233.66041564941406,-3.3055832386016846,44.987789154052734,2023.901123046875,0.010267834179103374,2.116093873977661,4.477852821350098,2943.037047791843,651.08078019232,423906.1823358402,2845.0974598443577,300.08761587751275,90052.57720304963,22.40731354914331,8.67706900544751,75.29152652529784,22.40731354914331,8.67706900544751,75.29152652529784,1.0229709013967858,1.2706613584778035,1.6145802879286568,-0.0051056919061959385,0.06473304421555087,0.004190367013412464,0.14661759414909056,0.055150424782642773,0.003041569353705938,-8.520080882590264e-05,0.08568426221609116,0.007341792341321707,-0.00023870187578722835,0.026490844786167145,0.0007017648895271122,4.174947845804988,1.3365217101120255,1.7862902816007733
76,77.wav,234.90767045454547,294406,1280.0260869565218,0.24690166115760803,0.28663650155067444,0.08216048777103424,0.4532837357772438,0.26065908942797805,0.06794316090142266,0.24612258847653856,0.15085425010566253,0.02275700477494178,0.7847952842712402,5.732982635498047,32.867088317871094,-10.068687438964844,91.41846466064453,8357.3359375,0.005295996554195881,1.4711016416549683,2.164139986038208,651.7212631490406,114.72669123713733,13162.213682221445,702.2994639992943,110.11766982873063,12125.901208509333,24.689097296088388,6.602508698794322,43.59312111765469,24.689097296088388,6.602508698794322,43.59312111765469,0.4730176029963084,0.6667430233990603,0.44454625925131996,0.014191966288009809,0.08666917220191071,0.007511545410164452,0.04457021423906734,0.01002859219868972,0.00010057266148762032,-1.31499831468318e-07,0.05263034626841545,0.0027699533384293318,1.6581094541834318e-06,0.01000592578202486,0.00010011854465119541,2.755047619047619,1.7059521480824251,2.9102727315470402
77,78.wav,135.99917763157896,171886,1273.2296296296297,0.23970460891723633,0.2868567109107971,0.0822867676615715,0.46013192653291335,0.2627608649115511,0.0690432721290664,0.25273503255626745,0.13949314195370244,0.019458336652115778,1.0977603197097778,7.81779670715332,61.117942810058594,-4.1365814208984375,46.116817474365234,2126.760986328125,0.006486562080681324,1.954980731010437,3.8219497203826904,2206.435716058863,392.6486682777905,154172.97670032235,2328.4238115752187,227.54621788644803,51777.28127442688,23.04677649725652,8.359891697018432,69.88778918587772,23.04677649725652,8.359891697018432,69.88778918587772,0.7993357174546937,0.8920470020282201,0.7957478538275353,0.020324512329624594,0.0836604151261769,0.00699906505908425,0.1129207079624613,0.03646060340476785,0.0013293756006397689,-1.6311774743371643e-05,0.0637873187661171,0.004068822134286165,-4.173408160568215e-05,0.017103100195527077,0.0002925160515587777,4.472163265306123,3.0465199927334647,9.28128406612471
78,79.wav,143.5546875,184722,1282.7916666666667,0.24764785170555115,0.29269757866859436,0.08567186444997787,0.4706840298145093,0.2634866049279422,0.06942519097645347,0.2519148708160757,0.1409689015175092,0.01987223119505321,1.9005045890808105,14.583372116088867,212.6747283935547,-6.471310615539551,78.1072998046875,6100.75,0.00523756816983223,1.7144970893859863,2.939500331878662,732.0562248593067,119.14301925568539,14195.05903736062,1025.0945063706747,199.46493738236057,39786.261244949026,20.913176852446117,6.1739732584030484,38.117945795475954,20.913176852446117,6.1739732584030484,38.117945795475954,0.7854920100349572,0.8767161192005323,0.7686311536660418,0.010483143517551873,0.08199539061945842,0.00672324408283757,0.044183595261706655,0.005667177812294225,3.2116904356159955e-05,-1.4957366829548846e-06,0.07822984457015991,0.006119908299297094,-6.6436518864065874e-06,0.020782597362995148,0.00043191632721573114,7.778684807256236,3.6868798712308157,13.593083184886956
79,8.wav,135.99917763157896,172926,1280.9333333333334,0.2231917530298233,0.2938216030597687,0.08633112907409668,0.3628320156427268,0.2841399226735352,0.08073549565692258,0.22230894926032718,0.18415228592689964,0.0339120644121026,2.696578025817871,30.08867835998535,905.3285522460938,-12.332634925842285,71.89158630371094,5168.39990234375,0.0007034674054011703,2.634260654449463,6.939329147338867,913.8796235670094,332.00532085598485,110227.53307668546,1354.7102827776425,467.7829648537166,218820.90220733342,24.61214229493049,6.905993630590875,47.69274802576173,24.61214229493049,6.905993630590875,47.69274802576173,0.7336490670438955,0.9163168705303908,0.8396366072186089,0.006200888104205656,0.10140880423646047,0.010283745576668763,0.03879171554518189,0.013720293136075914,0.00018824644373985184,4.284054000436299e-07,0.1002940982580185,0.010058906860649586,-5.294933089317055e-06,0.016584262251853943,0.00027503774617798626,3.640888888888889,1.826151635065499,3.334829794252395
80,80.wav,172.265625,212175,1309.7222222222222,0.2717796862125397,0.30107080936431885,0.09064363688230515,0.4817891643081712,0.25987456127814673,0.06753478759950923,0.25833411513840476,0.1288286392421761,0.016596818288990758,1.1474382877349854,7.890949726104736,62.26708984375,-9.815299987792969,75.89208221435547,5759.60791015625,0.008537734858691692,1.771676778793335,3.138838768005371,1075.40734787544,619.2248863154151,383439.45983233873,1483.9956501932315,435.3769041859187,189553.04869851464,20.414960081762437,7.143498506335056,51.029570910011174,20.414960081762437,7.143498506335056,51.029570910011174,0.6287665871529017,0.772766227791433,0.5971676428150009,-0.01099973494188584,0.07731177443507785,0.005977110466300357,0.05698699478763545,0.05902172642829596,0.0034835641905766094,-8.165529834514018e-07,0.05833844095468521,0.0034033735282719135,-1.0250118975818623e-05,0.018088042736053467,0.0003271772584412247,6.183473922902495,2.085522948269893,4.3494059677603465
81,81.wav,143.5546875,181537,1287.4964539007092,0.23689211905002594,0.29515066742897034,0.08711390942335129,0.4652086805209079,0.26998436937729536,0.07289155970805586,0.24740652812634795,0.14873917834182068,0.02212334317379994,1.6943933963775635,18.038171768188477,325.3756103515625,-10.288878440856934,71.20697021484375,5070.4326171875,0.0043760244734585285,1.7452858686447144,3.046022891998291,1059.7957494388722,259.80159535267893,67496.86894779712,1381.8529057513804,393.93806378718386,155187.19810039533,21.340221650727184,6.865179605949786,47.130691021948856,21.340221650727184,6.865179605949786,47.130691021948856,0.7067945217749492,0.8611951886727235,0.7416571529930478,-0.020667060932065464,0.0781928806901965,0.006114126590631306,0.055368334885352165,0.00983223959846461,9.667293552161554e-05,-4.602792614605278e-06,0.07346990704536438,0.00539782689884305,-1.1160353096784092e-05,0.018953846767544746,0.0003592482826206833,3.7337687074829935,1.1855054667120766,1.4054232116042185
82,82.wav,80.74951171875,98896,1251.8481012658228,0.22906051576137543,0.28761059045791626,0.08271985501050949,0.4319179802781493,0.2640646691497714,0.06973014949317823,0.2354636004366391,0.1670036712253599,0.0278902262027481,0.8311997056007385,6.791802883148193,46.12858581542969,-7.9216227531433105,95.71490478515625,9161.3427734375,0.0014995153760537505,1.6476051807403564,2.7146027088165283,572.8335969637816,71.29348483786757,5082.7609803272535,820.0530280730273,180.29549941176526,32506.467108137847,22.37060583549402,5.71169219428043,32.62342772220399,22.37060583549402,5.71169219428043,32.62342772220399,0.443522281877519,0.5860742927391486,0.34348307660969324,0.009350689269230815,0.09084036961894373,0.008251972752506316,0.04014525989260836,0.009908484010624927,9.817805538880983e-05,0.001819096738472581,0.05525137856602669,0.003052714979276061,0.0007325010374188423,0.00949858594685793,9.022313315654173e-05,5.838657596371883,3.7149712405624205,13.801011318205889
83,83.wav,103.359375,129578,1282.950495049505,0.21741287410259247,0.308940052986145,0.09544394910335541,0.3872634288814023,0.2909758178537867,0.08466692657568003,0.234224077568944,0.1687377101311697,0.02847241482031065,0.5425629019737244,6.93953275680542,48.1571159362793,-15.80823802947998,83.12310028076172,6909.44970703125,0.0032845488749444485,2.315847635269165,5.363150596618652,1419.7164378859832,779.659299595033,607868.6234450174,1652.838642044346,509.16243671842483,259246.38696504396,22.981780246989928,8.162165028212817,66.62093794778032,22.981780246989928,8.162165028212817,66.62093794778032,0.3304126332471281,0.4428654489915603,0.19612980591049625,0.007679397536378861,0.09445647509741922,0.008922025687829377,0.06434125870743033,0.05230617636055571,0.002735936085461557,-7.763695748508326e-07,0.04380868747830391,0.0019192012259736657,-6.714175924571464e-06,0.01073915883898735,0.00011532952339621261,2.765496598639456,1.733006813354939,3.0033126151346403
84,84.wav,80.74951171875,105164,1282.4878048780488,0.2459469586610794,0.294649213552475,0.0868181511759758,0.4064981235271932,0.2741263429527789,0.07514525190066454,0.23258065774566106,0.17099582151599205,0.02923957097592901,4.217007160186768,34.6772346496582,1202.5106201171875,-9.177136421203613,67.91265869140625,4612.12890625,0.005381637252867222,2.36932635307312,5.613707065582275,970.0535956579128,344.7827031572133,118875.11239639505,1460.878068569134,386.2682493849653,149203.16048292577,22.49933026312227,6.868946673575119,47.18242840441869,22.49933026312227,6.868946673575119,47.18242840441869,1.0336202136375434,1.397084551298529,1.9518452434770122,-0.005183060721185045,0.09550776577221813,0.009121733322800881,0.04050429022349071,0.017278869139771592,0.0002985593187493511,6.832476628915174e-06,0.12148422002792358,0.014758416451513767,5.2601985771616455e-06,0.02699672430753708,0.000728823128156364,2.9373242630385485,2.2982066682064777,5.281753889788719
85,85.wav,135.99917763157896,162262,1238.6412213740457,0.24315066635608673,0.28793054819107056,0.08290399610996246,0.44359848831400517,0.26730319847293205,0.0714509999138597,0.2389590315052438,0.16196269507330766,0.026231914595409238,1.1406644582748413,7.844832897186279,61.54140090942383,-10.812085151672363,52.5412712097168,2760.585205078125,0.005638251081109047,1.6668084859848022,2.7782504558563232,1838.422247685389,402.3899774973156,161917.69399029016,2058.2370169409737,280.7736425300118,78833.83833957085,24.28059314411542,8.48061429113164,71.92081875494623,24.28059314411542,8.48061429113164,71.92081875494623,0.7206831673594974,0.8168192287155517,0.6671936523994687,-0.0284565206651394,0.09808818686405978,0.009621292402278709,0.09144956039570433,0.03789994635702966,0.0014364059338657258,-1.406256046720955e-06,0.0669897049665451,0.004487620200961828,-6.887035851832479e-06,0.01113947294652462,0.00012408786278683692,12.488852607709749,10.944486820234653,119.78179175829003
86,86.wav,117.45383522727273,140450,1254.017857142857,0.25633978843688965,0.29482302069664,0.0869206115603447,0.4604088756369762,0.2634809379563671,0.06942220466636699,0.25201575534371307,0.1407884668283275,0.01982139239187107,1.3885358572006226,10.945691108703613,119.80815887451172,-8.344711303710938,80.32601165771484,6452.26806640625,0.003941164817661047,1.6200299263000488,2.6244969367980957,774.4848804183017,171.52300468241145,29420.14113528254,873.7297134780997,281.22096760876065,79085.2326228076,23.669733398928713,6.916800274565738,47.84212603823267,23.669733398928713,6.916800274565738,47.84212603823267,0.6589518669966612,0.8227611629773485,0.6769359313038389,0.00016736973157755464,0.08653599529992467,0.007488478482548585,0.046433770619678794,0.012898504530808609,0.0001663714191312902,-3.86448800782091e-06,0.07000834494829178,0.0049011679366230965,-3.071638639084995e-05,0.013487202115356922,0.0001819046156015247,3.154430839002268,2.2105747439053336,4.8866406983921316
87,87.wav,129.19921875,163215,1275.1171875,0.23093098402023315,0.2945360839366913,0.08675151318311691,0.4218792235948346,0.27504597010992604,0.07565028567371032,0.23816058732668835,0.16313450884941597,0.026612867977540176,1.9584418535232544,23.34591293334961,545.0316772460938,-7.224442005157471,84.42328643798828,7127.291015625,0.001814685994759202,2.2013375759124756,4.845887184143066,703.2929043246039,222.02057748052835,49293.136824787296,1158.0193164327322,315.7775582176755,99715.46627391745,22.466402294648766,6.513108822749058,42.420586536971626,22.466402294648766,6.513108822749058,42.420586536971626,0.5608226598889507,0.8070964567940334,0.651404690569483,-0.02341844599794214,0.08558766624851308,0.007325248613866864,0.03823143926567337,0.012223711172444113,0.00014941911482733503,6.568516710103722e-06,0.08429136872291565,0.007105035241693258,1.5834206351428293e-05,0.016242099925875664,0.00026380582130514085,2.081668934240363,1.1720966444275498,1.3738105438783221
88,88.wav,107.666015625,137966,1277.462962962963,0.254994660615921,0.2918591797351837,0.08518178761005402,0.47135122692229264,0.265631972718771,0.07056034493046588,0.2512596822925884,0.14213340700750426,0.020201905387560865,2.3206167221069336,12.223155975341797,149.40553283691406,-7.385978698730469,74.34904479980469,5527.78076171875,0.005978267639875412,1.7488223314285278,3.058379650115967,829.8770757721077,100.72951345503556,10146.43488088819,844.0821171192226,110.5292684185364,12216.719177136869,25.264520928032375,8.28039701456626,68.56497471883785,25.264520928032375,8.28039701456626,68.56497471883785,0.9686965936156909,1.1452168033811467,1.3115215267465323,0.00893847850807983,0.08130415932822926,0.0066103663240700905,0.05126612991002322,0.00787214930091558,6.197073461590565e-05,9.080256972993084e-07,0.08707387000322342,0.007581859361380339,-1.7168825934277265e-06,0.022776471450924873,0.0005187676870264113,2.800326530612245,1.7362005882022582,3.014392482473867
89,89.wav,80.74951171875,93776,1217.8701298701299,0.22943291068077087,0.28597453236579895,0.08178143948316574,0.4306912246751638,0.267481566476023,0.07154638840446712,0.23878262110330137,0.1622226654705517,0.026316193192370527,0.7013439536094666,6.13831090927124,37.67885971069336,-9.835358619689941,96.13834381103516,9242.5810546875,0.002725237747654319,1.3341877460479736,1.7800569534301758,546.5591060701811,81.14370123651148,6584.300250360235,686.3457274301826,99.25655008746823,9851.862735266088,22.778857072523092,5.8039601889353305,33.68595387474623,22.778857072523092,5.8039601889353305,33.68595387474623,0.41449121934301,0.47130492303023735,0.22212833047253797,-0.02551749419073599,0.0894500202089736,0.008001306115385784,0.03409654363390093,0.00734529611388442,5.395337500064557e-05,-2.4462886358378455e-05,0.05171606317162514,0.0026745512150228024,-0.00010675304656615481,0.006946437992155552,4.825299765798263e-05,5.959401360544218,3.4954576184767334,12.218223962567038
90,9.wav,89.10290948275862,110789,1258.965909090909,0.21148094534873962,0.2942163646221161,0.08656326681375504,0.43670877346832515,0.2690719346921455,0.07239970603897422,0.23922309591623514,0.1615724101249502,0.026105643713585102,1.0347410440444946,22.150470733642578,490.64337158203125,-9.279915809631348,64.95235443115234,4218.80859375,0.003235739655792713,1.5596507787704468,2.4325103759765625,1716.590028502224,372.42870919140756,138703.14342997802,2012.9042654079658,384.01507658544233,147467.57904492313,23.716129904240887,7.489200203640515,56.08811969020914,23.716129904240887,7.489200203640515,56.08811969020914,0.4059640560545774,0.4986583706045273,0.24866017057396206,-0.020624253619387384,0.08326460822306955,0.006932994982541262,0.08468864133852554,0.02712867610876171,0.0007359650674140983,-7.5222101258987095e-06,0.06617556512355804,0.004379205871373415,-4.244730916980188e-06,0.005609853658825159,3.1470459362026304e-05,3.145142857142857,2.029169969100358,4.117530763498748
91,90.wav,143.5546875,179754,1265.8732394366198,0.3240704834461212,0.2842017412185669,0.08077062666416168,0.5392448493285938,0.23738440361660956,0.05635135508041339,0.2668814723980518,0.11003459921307131,0.012107613023981232,1.7503304481506348,9.348764419555664,87.39939880371094,-1.7962191104888916,29.377059936523438,863.0115966796875,0.0042942119762301445,1.5552654266357422,2.4188504219055176,2897.755666129365,253.2817958760105,64151.66812217705,2797.069981689503,135.97059797045733,18488.003512443738,20.994271513067133,8.179255666889114,66.90022326433768,20.994271513067133,8.179255666889114,66.90022326433768,1.210561340831765,1.3312891301438716,1.7723307480392265,0.006982459306160881,0.06277194325750764,0.0039403168603237585,0.1507054379111842,0.03366643174475305,0.0011334286264241158,7.736880434094928e-06,0.07783513516187668,0.00605830829590559,7.087822723406134e-06,0.023727836087346077,0.0005630101659335196,8.129306122448977,5.455285589691178,29.760140865092218
92,91.wav,161.4990234375,208044,1284.2222222222222,0.23764729499816895,0.2871662378311157,0.08246444910764694,0.43586701347323276,0.2661324140216783,0.070826461793006,0.23625580320898415,0.16588106818866066,0.02751652878341109,2.00262188911438,27.378101348876953,749.5604248046875,-5.684870719909668,47.890071868896484,2293.458984375,0.004709972068667412,1.4414716958999634,2.077840566635132,1914.680257717198,474.4582400227874,225110.62152552092,2304.6939225195943,351.8286137029603,123783.37342014688,22.816026142444446,7.770471831146264,60.38023247863757,22.816026142444446,7.770471831146264,60.38023247863757,0.8127221637939961,0.944763868112654,0.8925787664911843,-0.01826934134307685,0.08249703844630475,0.006805761352411083,0.07614239672020123,0.03517294905675623,0.0012371363453491685,-6.753580237273127e-07,0.08933659642934799,0.007981027476489544,1.2607006283360533e-05,0.011974270455539227,0.00014338316395878792,5.515900226757369,4.008852880243804,16.070901415439042
93,92.wav,117.45383522727273,154267,1296.361344537815,0.24509872496128082,0.2924741506576538,0.08554112911224365,0.44074879695417624,0.26503997363114673,0.07024618762239894,0.24164520597309772,0.15792696971560152,0.024940927763552525,1.473738431930542,11.724220275878906,137.4573516845703,-8.481334686279297,55.98252487182617,3134.04296875,0.008484319783747196,1.5387850999832153,2.3678596019744873,1561.277945408708,448.77219593633987,201396.4838455246,1833.400375144872,294.11421772459346,86503.17306774957,24.454435275795767,8.175899445548804,66.84533174372524,24.454435275795767,8.175899445548804,66.84533174372524,0.8015824742261833,0.8985262300682221,0.8073493861206116,-0.0019194079203600982,0.0905614992295305,0.008201385142700253,0.08162989188273993,0.04351901596865433,0.0018939047508799909,-0.007499920204281807,0.07548072189092636,0.005697339307516813,-0.00022992439335212111,0.012211133725941181,0.00014911178732290864,4.1099319727891155,2.0627371923685076,4.254884724780313
94,93.wav,95.703125,117651,1251.6063829787233,0.24756082892417908,0.2964506447315216,0.08788298070430756,0.41871825662423057,0.27495082137732946,0.07559795417606813,0.2417071961776652,0.15783207737739818,0.02491096464926501,1.3961079120635986,16.488372802734375,271.866455078125,-12.104119300842285,89.37704467773438,7988.255859375,0.0009509655646979809,1.538151741027832,2.365910768508911,575.7876028086787,126.39307856506754,15975.210309155334,918.1080369137406,296.99097917352265,88203.64171044776,22.30266278512509,5.692224862416217,32.40142388430932,22.30266278512509,5.692224862416217,32.40142388430932,0.4932267396530953,0.6541786556514212,0.42794971350990074,0.017925118859107945,0.09175251419992249,0.008418523862006977,0.03104270722474845,0.00833157674877987,6.941517112080936e-05,0.0031572242733091116,0.0696071907877922,0.004845161456614733,0.0001420418411726132,0.013807413168251514,0.00019064465595874935,7.005460317460317,3.55470963253749,12.635960571654817
95,94.wav,135.99917763157896,165170,1241.8796992481202,0.2782996892929077,0.28964170813560486,0.08389231562614441,0.47661879829773196,0.2621513717646422,0.06872334171808366,0.25901890591254,0.12744622282831322,0.016242539713204066,2.6514546871185303,14.917734146118164,222.53880310058594,-10.84675407409668,54.70241165161133,2992.353759765625,0.004533796571195126,1.5741243362426758,2.477867603302002,1327.8774971175653,278.41725589640544,77516.16838088451,1578.7846931210208,237.8239884969129,56560.249504579755,23.908345317812984,8.723036537076887,76.09136642717833,23.908345317812984,8.723036537076887,76.09136642717833,1.1094862300829624,1.2470668284651056,1.5551756746580174,0.00502072097405629,0.07712628880513392,0.005948464424852925,0.06738999310661764,0.0230842987516146,0.0005328848488537954,-2.352978981434717e-06,0.09298767894506454,0.008646707981824875,-2.1752306565758772e-05,0.023308774456381798,0.0005432989564724267,6.256616780045352,4.96383477339346,24.639655657550097
96,95.wav,103.359375,130996,1271.8058252427184,0.2275058627128601,0.2936781644821167,0.08624686300754547,0.41816997200261524,0.27470112586077444,0.07546070854917704,0.239955706529213,0.16048237360345696,0.025754592237399544,1.3681954145431519,9.093204498291016,82.68636322021484,-7.419778347015381,70.39359283447266,4955.25830078125,0.0039590224623680115,2.029186725616455,4.117598533630371,1163.7710389273582,297.2340968373937,88348.10832274113,1399.5228429073186,265.5679786282327,70526.35127268547,24.363057160718462,8.36142229849631,69.9133828537913,24.363057160718462,8.36142229849631,69.9133828537913,0.7218996931937033,0.875761397059756,0.7669580245800556,-0.003273196504321448,0.08738017967606941,0.0076352958002221735,0.07252903988486842,0.027656771191062794,0.0007648969927148009,-1.2865841654274845e-06,0.06770233064889908,0.004583606030791998,-1.80945989995962e-05,0.016600821167230606,0.00027558725560083985,3.142820861678005,1.9123190455415406,3.656964131940909
97,96.wav,135.99917763157896,173628,1286.1333333333334,0.2111140489578247,0.2910081446170807,0.08468574285507202,0.43698054490777977,0.2669400814770486,0.07125700709897334,0.2474521512361294,0.14866326439959898,0.022100766181945074,1.441166877746582,15.15054702758789,229.5390625,-9.393743515014648,80.83291625976562,6533.9599609375,0.002421748824417591,1.97953462600708,3.9185571670532227,774.5276006794473,144.82165025849133,20973.31038359278,868.5355632889092,150.68459635623503,22705.847579041478,22.977790871230784,6.7224331137708235,45.19110696912249,22.977790871230784,6.7224331137708235,45.19110696912249,0.58320587760107,0.7386559173145701,0.5456125641838291,-0.015800828728981326,0.08309899612335496,0.0069054431567093615,0.04957358534491099,0.015424505439141348,0.00023791536804210106,-4.402334525366314e-06,0.07052475214004517,0.004973740316927433,-4.4191805500304326e-05,0.016221383586525917,0.00026313328999094665,2.7213786848072568,1.731944026043406,2.999630109347442
98,97.wav,89.10290948275862,108178,1243.4252873563219,0.3409753143787384,0.3057965338230133,0.09351151436567307,0.48165023614640273,0.26136484170473795,0.06831158047934273,0.24896554062449175,0.14611465674218957,0.021349492914887885,0.1479511260986328,1.1471141576766968,1.3158708810806274,-14.613922119140625,107.18206787109375,11487.9951171875,0.00020423380192369223,2.249191999435425,5.058865070343018,774.750560429248,215.17091715636053,46298.52358990937,896.5446735929693,233.06871119152888,54321.0241364803,22.970753730365583,8.0253387816731,64.40606256062627,22.970753730365583,8.0253387816731,64.40606256062627,0.223486439493439,0.41897771369165365,0.17554232457028532,0.001089572508580907,0.0780836176070765,0.006097051338608146,0.04600406800261223,0.015347860585395437,0.00023555682454873476,2.6789695084517007e-07,0.020668838173151016,0.0004272008955013007,-1.2739990324917017e-06,0.007179771084338427,5.154911559657194e-05,8.889759637188208,5.517685054479456,30.444848360425954
99,98.wav,117.45383522727273,137153,1213.7433628318583,0.25503063201904297,0.29064086079597473,0.08447211235761642,0.4227007681615743,0.27665835937179495,0.07653984781029324,0.23225776395713732,0.17143414016748246,0.029389664414964024,0.5329195261001587,3.0624728202819824,9.378739356994629,-8.945013046264648,76.41026306152344,5838.5283203125,0.005489353556185961,1.3655942678451538,1.8648477792739868,1101.4089385730992,388.3254660449673,150796.66757904104,1469.3532201887986,353.2313636289624,124772.39625117628,25.011525844973587,8.304569989450924,68.96588270968891,25.011525844973587,8.304569989450924,68.96588270968891,0.43296778588166474,0.459367881902534,0.21101885092362044,-0.003812921817187298,0.1016529817946682,0.010333328707747143,0.056884765625,0.029215785691986774,0.0008535621336000992,-1.0272000281474902e-06,0.046189479529857635,0.002133467933163047,-1.0199156349699479e-05,0.0052879573777318,2.796249282255303e-05,14.308136054421766,9.396208205402909,88.28872863928095
100,99.wav,92.28515625,104013,1209.453488372093,0.2377021461725235,0.29729947447776794,0.08838698267936707,0.41077019156328215,0.2737023386868744,0.07491297020266448,0.23676950102788394,0.1651470154630117,0.027273536716340224,2.384939432144165,15.974485397338867,255.18418884277344,-6.179810047149658,59.76728439331055,3572.12841796875,0.009243126027286053,1.7651822566986084,3.11586856842041,1515.1594412864583,487.633368072663,237786.30165788927,1666.702049418738,341.06707944308135,116326.75267983318,25.511233027841175,8.00595288135379,64.09528153845706,25.511233027841175,8.00595288135379,64.09528153845706,0.8791690910855027,0.9737754773550943,0.9482386802981417,0.01691911486677436,0.09255236539667987,0.008565940340520545,0.08389027126064241,0.040919683661403694,0.0016744205109493482,1.5867234424149501e-06,0.10006910562515259,0.010013825260102749,6.7053815655526705e-06,0.01141413301229477,0.00013028243847656995,3.6327619047619053,1.8183385477839042,3.3063550743568775
